nohup: ignoring input
PyCBC.libutils: pkg-config call failed, setting NO_PKGCONFIG=1
Frozen configuration inherited from mdr_search.py:
  SNR_THRESH    = 4.5
  NEWSNR_THRESH = 5.0
  F_LOW/F_HIGH  = 20.0 / 512.0
  ALPHAS        = [0.0, 2.5, 3.0, 3.5, 4.0]
  N_SLIDES      = 100   N_OFFSOURCE = 40
  bank          = 54 templates

======================================================================
[GW170104] starting  GPS=1167559936.600
======================================================================
======================================================================
STAGE A1 -- CONDITIONING
======================================================================
  H1: 4088s @ 4096 Hz
  L1: 4088s @ 4096 Hz
  bank: 54 templates (9 x 6 x 1)

======================================================================
STAGE A2/A3 -- SLIDING-WINDOW SEARCH + CHI-SQUARED VETO
======================================================================
  [H1] blocks of 64s, overlap 8s, 54 templates
    block 5/72  triggers so far: 452
    block 10/72  triggers so far: 1098
    block 15/72  triggers so far: 1630
    block 20/72  triggers so far: 2150
    block 25/72  triggers so far: 2455
    block 30/72  triggers so far: 2937
    block 35/72  triggers so far: 3373
    block 40/72  triggers so far: 4170
    block 45/72  triggers so far: 4580
    block 50/72  triggers so far: 5022
    block 55/72  triggers so far: 5425
    block 60/72  triggers so far: 6154
    block 65/72  triggers so far: 6465
    block 70/72  triggers so far: 6855
  [H1] 7025 raw -> 578 clustered triggers
  [L1] blocks of 64s, overlap 8s, 54 templates
    block 5/72  triggers so far: 456
    block 10/72  triggers so far: 835
    block 15/72  triggers so far: 1325
    block 20/72  triggers so far: 1669
    block 25/72  triggers so far: 2209
    block 30/72  triggers so far: 2707
    block 35/72  triggers so far: 3185
    block 40/72  triggers so far: 3620
    block 45/72  triggers so far: 4055
    block 50/72  triggers so far: 4383
    block 55/72  triggers so far: 4841
    block 60/72  triggers so far: 5439
    block 65/72  triggers so far: 5975
    block 70/72  triggers so far: 6619
  [L1] 6854 raw -> 601 clustered triggers

======================================================================
STAGE A4/A5 -- COINCIDENCE + TIME-SLIDE BACKGROUND
======================================================================
  H1 trigger  t=1167556616.037  newsnr=5.03  m=(36.7,18.3) s=+0.00  mc=22.3
  H1 trigger  t=1167556618.383  newsnr=5.58  m=(6.0,6.0) s=+0.00  mc=5.2
  H1 trigger  t=1167556622.132  newsnr=5.07  m=(68.0,17.0) s=+0.00  mc=28.3
  H1 trigger  t=1167556626.555  newsnr=5.24  m=(18.0,12.0) s=+0.00  mc=12.7
  H1 trigger  t=1167556629.523  newsnr=5.25  m=(8.0,4.0) s=+0.00  mc=4.9
  H1 trigger  t=1167556632.466  newsnr=5.11  m=(24.0,6.0) s=+0.00  mc=10.0
  H1 trigger  t=1167556643.989  newsnr=5.79  m=(48.8,16.2) s=+0.00  mc=23.8
  H1 trigger  t=1167556656.787  newsnr=5.29  m=(30.6,24.4) s=+0.00  mc=23.8
  H1 trigger  t=1167556658.668  newsnr=5.51  m=(33.8,11.2) s=+0.00  mc=16.5
  H1 trigger  t=1167556678.577  newsnr=5.41  m=(60.0,40.0) s=+0.00  mc=42.5
  H1 trigger  t=1167556697.929  newsnr=5.13  m=(6.0,6.0) s=+0.00  mc=5.2
  H1 trigger  t=1167556700.228  newsnr=5.36  m=(16.0,4.0) s=+0.00  mc=6.7
  H1 trigger  t=1167556705.992  newsnr=5.29  m=(60.0,40.0) s=+0.00  mc=42.5
  H1 trigger  t=1167556711.003  newsnr=5.16  m=(27.0,18.0) s=+0.00  mc=19.1
  H1 trigger  t=1167556715.378  newsnr=5.11  m=(32.5,32.5) s=+0.00  mc=28.3
  H1 trigger  t=1167556716.565  newsnr=5.20  m=(7.2,4.8) s=+0.00  mc=5.1
  H1 trigger  t=1167556724.528  newsnr=5.11  m=(30.0,15.0) s=+0.00  mc=18.3
  H1 trigger  t=1167556728.766  newsnr=5.34  m=(6.0,6.0) s=+0.00  mc=5.2
  H1 trigger  t=1167556730.467  newsnr=5.15  m=(25.0,20.0) s=+0.00  mc=19.4
  H1 trigger  t=1167556731.532  newsnr=5.56  m=(33.8,11.2) s=+0.00  mc=16.5
  H1 trigger  t=1167556738.882  newsnr=5.42  m=(7.2,4.8) s=+0.00  mc=5.1
  H1 trigger  t=1167556748.240  newsnr=5.65  m=(27.0,18.0) s=+0.00  mc=19.1
  H1 trigger  t=1167556749.275  newsnr=5.20  m=(20.0,10.0) s=+0.00  mc=12.2
  H1 trigger  t=1167556755.606  newsnr=5.15  m=(6.7,5.3) s=+0.00  mc=5.2
  H1 trigger  t=1167556758.157  newsnr=5.17  m=(9.0,3.0) s=+0.00  mc=4.4
  H1 trigger  t=1167556774.291  newsnr=5.25  m=(33.8,11.2) s=+0.00  mc=16.5
  H1 trigger  t=1167556775.292  newsnr=5.23  m=(8.0,4.0) s=+0.00  mc=4.9
  H1 trigger  t=1167556778.695  newsnr=5.04  m=(24.0,6.0) s=+0.00  mc=10.0
  H1 trigger  t=1167556783.158  newsnr=5.09  m=(12.0,8.0) s=+0.00  mc=8.5
  H1 trigger  t=1167556785.416  newsnr=5.13  m=(20.0,10.0) s=+0.00  mc=12.2
  H1 trigger  t=1167556792.501  newsnr=5.26  m=(22.5,7.5) s=+0.00  mc=11.0
  H1 trigger  t=1167556800.499  newsnr=5.06  m=(12.0,8.0) s=+0.00  mc=8.5
  H1 trigger  t=1167556808.693  newsnr=5.03  m=(13.3,6.7) s=+0.00  mc=8.1
  H1 trigger  t=1167556817.710  newsnr=5.44  m=(54.0,18.0) s=+0.00  mc=26.4
  H1 trigger  t=1167556837.737  newsnr=5.09  m=(9.6,2.4) s=+0.00  mc=4.0
  H1 trigger  t=1167556840.350  newsnr=5.01  m=(6.0,6.0) s=+0.00  mc=5.2
  H1 trigger  t=1167556858.020  newsnr=5.32  m=(15.0,15.0) s=+0.00  mc=13.1
  H1 trigger  t=1167556859.363  newsnr=5.06  m=(10.0,10.0) s=+0.00  mc=8.7
  H1 trigger  t=1167556864.412  newsnr=5.04  m=(36.0,36.0) s=+0.00  mc=31.3
  H1 trigger  t=1167556890.320  newsnr=5.57  m=(16.7,13.3) s=+0.00  mc=13.0
  H1 trigger  t=1167556897.697  newsnr=5.27  m=(24.0,6.0) s=+0.00  mc=10.0
  H1 trigger  t=1167556900.743  newsnr=5.02  m=(18.0,12.0) s=+0.00  mc=12.7
  H1 trigger  t=1167556905.140  newsnr=5.18  m=(27.0,18.0) s=+0.00  mc=19.1
  H1 trigger  t=1167556909.771  newsnr=5.19  m=(9.6,2.4) s=+0.00  mc=4.0
  H1 trigger  t=1167556913.572  newsnr=5.17  m=(47.2,37.8) s=+0.00  mc=36.7
  H1 trigger  t=1167556916.869  newsnr=5.53  m=(6.7,5.3) s=+0.00  mc=5.2
  H1 trigger  t=1167556925.981  newsnr=5.13  m=(10.0,10.0) s=+0.00  mc=8.7
  H1 trigger  t=1167556933.959  newsnr=5.14  m=(44.0,11.0) s=+0.00  mc=18.3
  H1 trigger  t=1167556937.186  newsnr=5.06  m=(30.6,24.4) s=+0.00  mc=23.8
  H1 trigger  t=1167556943.996  newsnr=5.13  m=(36.7,18.3) s=+0.00  mc=22.3
  H1 trigger  t=1167556961.456  newsnr=5.43  m=(16.0,4.0) s=+0.00  mc=6.7
  H1 trigger  t=1167556966.809  newsnr=5.09  m=(48.8,16.2) s=+0.00  mc=23.8
  H1 trigger  t=1167556973.074  newsnr=5.42  m=(7.2,4.8) s=+0.00  mc=5.1
  H1 trigger  t=1167556991.080  newsnr=5.38  m=(20.0,10.0) s=+0.00  mc=12.2
  H1 trigger  t=1167557003.485  newsnr=5.19  m=(36.7,18.3) s=+0.00  mc=22.3
  H1 trigger  t=1167557022.671  newsnr=5.09  m=(9.6,2.4) s=+0.00  mc=4.0
  H1 trigger  t=1167557029.632  newsnr=5.20  m=(80.0,20.0) s=+0.00  mc=33.3
  H1 trigger  t=1167557031.306  newsnr=5.12  m=(11.1,8.9) s=+0.00  mc=8.6
  H1 trigger  t=1167557034.027  newsnr=5.03  m=(16.0,4.0) s=+0.00  mc=6.7
  H1 trigger  t=1167557039.915  newsnr=5.15  m=(15.0,5.0) s=+0.00  mc=7.3
  H1 trigger  t=1167557042.956  newsnr=5.07  m=(22.5,22.5) s=+0.00  mc=19.6
  H1 trigger  t=1167557044.151  newsnr=5.72  m=(40.0,32.0) s=+0.00  mc=31.1
  H1 trigger  t=1167557054.214  newsnr=5.04  m=(33.8,11.2) s=+0.00  mc=16.5
  H1 trigger  t=1167557068.461  newsnr=6.10  m=(15.0,15.0) s=+0.00  mc=13.1
  H1 trigger  t=1167557072.647  newsnr=5.64  m=(33.8,11.2) s=+0.00  mc=16.5
  H1 trigger  t=1167557082.519  newsnr=5.06  m=(9.6,2.4) s=+0.00  mc=4.0
  H1 trigger  t=1167557088.791  newsnr=5.40  m=(22.5,22.5) s=+0.00  mc=19.6
  H1 trigger  t=1167557097.680  newsnr=6.18  m=(43.3,21.7) s=+0.00  mc=26.4
  H1 trigger  t=1167557101.865  newsnr=5.04  m=(10.0,10.0) s=+0.00  mc=8.7
  H1 trigger  t=1167557116.384  newsnr=5.26  m=(52.0,13.0) s=+0.00  mc=21.6
  H1 trigger  t=1167557118.000  newsnr=5.07  m=(30.0,15.0) s=+0.00  mc=18.3
  H1 trigger  t=1167557127.805  newsnr=5.11  m=(20.0,10.0) s=+0.00  mc=12.2
  H1 trigger  t=1167557131.935  newsnr=5.14  m=(6.0,6.0) s=+0.00  mc=5.2
  H1 trigger  t=1167557139.732  newsnr=5.07  m=(12.0,8.0) s=+0.00  mc=8.5
  H1 trigger  t=1167557141.389  newsnr=5.48  m=(24.0,6.0) s=+0.00  mc=10.0
  H1 trigger  t=1167557143.731  newsnr=5.26  m=(44.0,11.0) s=+0.00  mc=18.3
  H1 trigger  t=1167557145.055  newsnr=5.07  m=(36.7,18.3) s=+0.00  mc=22.3
  H1 trigger  t=1167557157.554  newsnr=5.11  m=(20.0,10.0) s=+0.00  mc=12.2
  H1 trigger  t=1167557163.211  newsnr=5.02  m=(9.6,2.4) s=+0.00  mc=4.0
  H1 trigger  t=1167557170.156  newsnr=5.12  m=(52.0,13.0) s=+0.00  mc=21.6
  H1 trigger  t=1167557173.502  newsnr=5.66  m=(22.5,7.5) s=+0.00  mc=11.0
  H1 trigger  t=1167557175.453  newsnr=5.13  m=(18.0,12.0) s=+0.00  mc=12.7
  H1 trigger  t=1167557177.153  newsnr=5.50  m=(6.0,6.0) s=+0.00  mc=5.2
  H1 trigger  t=1167557182.885  newsnr=5.01  m=(41.2,13.8) s=+0.00  mc=20.1
  H1 trigger  t=1167557188.831  newsnr=5.21  m=(25.0,20.0) s=+0.00  mc=19.4
  H1 trigger  t=1167557190.152  newsnr=5.43  m=(27.0,18.0) s=+0.00  mc=19.1
  H1 trigger  t=1167557192.482  newsnr=5.07  m=(36.0,9.0) s=+0.00  mc=15.0
  H1 trigger  t=1167557193.738  newsnr=5.04  m=(41.2,13.8) s=+0.00  mc=20.1
  H1 trigger  t=1167557203.189  newsnr=5.02  m=(32.5,32.5) s=+0.00  mc=28.3
  H1 trigger  t=1167557204.704  newsnr=5.40  m=(50.0,50.0) s=+0.00  mc=43.5
  H1 trigger  t=1167557207.083  newsnr=5.08  m=(7.2,4.8) s=+0.00  mc=5.1
  H1 trigger  t=1167557210.679  newsnr=5.17  m=(33.8,11.2) s=+0.00  mc=16.5
  H1 trigger  t=1167557212.795  newsnr=5.17  m=(43.3,21.7) s=+0.00  mc=26.4
  H1 trigger  t=1167557219.418  newsnr=5.08  m=(80.0,20.0) s=+0.00  mc=33.3
  H1 trigger  t=1167557220.625  newsnr=5.48  m=(15.0,5.0) s=+0.00  mc=7.3
  H1 trigger  t=1167557239.148  newsnr=5.56  m=(52.0,13.0) s=+0.00  mc=21.6
  H1 trigger  t=1167557240.598  newsnr=5.16  m=(68.0,17.0) s=+0.00  mc=28.3
  H1 trigger  t=1167557241.602  newsnr=5.05  m=(9.0,3.0) s=+0.00  mc=4.4
  H1 trigger  t=1167557243.578  newsnr=5.08  m=(7.2,4.8) s=+0.00  mc=5.1
  H1 trigger  t=1167557246.638  newsnr=5.68  m=(9.6,2.4) s=+0.00  mc=4.0
  H1 trigger  t=1167557254.373  newsnr=5.05  m=(43.2,28.8) s=+0.00  mc=30.6
  H1 trigger  t=1167557258.592  newsnr=5.06  m=(27.0,18.0) s=+0.00  mc=19.1
  H1 trigger  t=1167557289.680  newsnr=5.05  m=(20.0,10.0) s=+0.00  mc=12.2
  H1 trigger  t=1167557301.781  newsnr=5.05  m=(44.0,11.0) s=+0.00  mc=18.3
  H1 trigger  t=1167557309.373  newsnr=5.08  m=(7.2,4.8) s=+0.00  mc=5.1
  H1 trigger  t=1167557334.341  newsnr=5.04  m=(66.7,33.3) s=+0.00  mc=40.6
  H1 trigger  t=1167557338.186  newsnr=5.43  m=(27.0,18.0) s=+0.00  mc=19.1
  H1 trigger  t=1167557339.709  newsnr=5.40  m=(9.0,3.0) s=+0.00  mc=4.4
  H1 trigger  t=1167557341.212  newsnr=5.72  m=(52.0,13.0) s=+0.00  mc=21.6
  H1 trigger  t=1167557342.652  newsnr=6.26  m=(27.0,18.0) s=+0.00  mc=19.1
  H1 trigger  t=1167557358.681  newsnr=5.16  m=(22.5,22.5) s=+0.00  mc=19.6
  H1 trigger  t=1167557361.224  newsnr=5.77  m=(22.5,7.5) s=+0.00  mc=11.0
  H1 trigger  t=1167557377.741  newsnr=5.19  m=(27.0,18.0) s=+0.00  mc=19.1
  H1 trigger  t=1167557380.282  newsnr=5.03  m=(36.0,9.0) s=+0.00  mc=15.0
  H1 trigger  t=1167557390.793  newsnr=5.09  m=(27.5,27.5) s=+0.00  mc=23.9
  H1 trigger  t=1167557391.874  newsnr=5.02  m=(6.0,6.0) s=+0.00  mc=5.2
  H1 trigger  t=1167557402.988  newsnr=5.35  m=(50.0,50.0) s=+0.00  mc=43.5
  H1 trigger  t=1167557404.357  newsnr=5.18  m=(54.0,18.0) s=+0.00  mc=26.4
  H1 trigger  t=1167557405.631  newsnr=5.29  m=(22.5,22.5) s=+0.00  mc=19.6
  H1 trigger  t=1167557409.356  newsnr=5.72  m=(12.0,8.0) s=+0.00  mc=8.5
  H1 trigger  t=1167557410.463  newsnr=5.45  m=(7.2,4.8) s=+0.00  mc=5.1
  H1 trigger  t=1167557413.104  newsnr=5.15  m=(18.0,12.0) s=+0.00  mc=12.7
  H1 trigger  t=1167557415.188  newsnr=5.02  m=(57.6,14.4) s=+0.00  mc=24.0
  H1 trigger  t=1167557417.569  newsnr=5.39  m=(11.1,8.9) s=+0.00  mc=8.6
  H1 trigger  t=1167557427.186  newsnr=5.44  m=(48.0,24.0) s=+0.00  mc=29.2
  H1 trigger  t=1167557434.402  newsnr=5.10  m=(33.0,22.0) s=+0.00  mc=23.4
  H1 trigger  t=1167557442.141  newsnr=5.16  m=(30.0,15.0) s=+0.00  mc=18.3
  H1 trigger  t=1167557461.421  newsnr=5.36  m=(80.0,20.0) s=+0.00  mc=33.3
  H1 trigger  t=1167557462.675  newsnr=5.38  m=(22.5,7.5) s=+0.00  mc=11.0
  H1 trigger  t=1167557465.145  newsnr=5.02  m=(16.0,4.0) s=+0.00  mc=6.7
  H1 trigger  t=1167557469.148  newsnr=5.03  m=(36.0,9.0) s=+0.00  mc=15.0
  H1 trigger  t=1167557473.257  newsnr=5.42  m=(44.0,11.0) s=+0.00  mc=18.3
  H1 trigger  t=1167557478.386  newsnr=5.19  m=(33.8,11.2) s=+0.00  mc=16.5
  H1 trigger  t=1167557479.672  newsnr=5.00  m=(9.0,3.0) s=+0.00  mc=4.4
  H1 trigger  t=1167557487.386  newsnr=5.38  m=(27.5,27.5) s=+0.00  mc=23.9
  H1 trigger  t=1167557492.170  newsnr=5.12  m=(43.3,21.7) s=+0.00  mc=26.4
  H1 trigger  t=1167557507.532  newsnr=5.17  m=(25.0,20.0) s=+0.00  mc=19.4
  H1 trigger  t=1167557510.033  newsnr=5.11  m=(6.7,5.3) s=+0.00  mc=5.2
  H1 trigger  t=1167557513.986  newsnr=5.49  m=(16.0,4.0) s=+0.00  mc=6.7
  H1 trigger  t=1167557519.520  newsnr=5.04  m=(33.8,11.2) s=+0.00  mc=16.5
  H1 trigger  t=1167557533.902  newsnr=5.01  m=(32.5,32.5) s=+0.00  mc=28.3
  H1 trigger  t=1167557546.985  newsnr=5.24  m=(15.0,5.0) s=+0.00  mc=7.3
  H1 trigger  t=1167557549.586  newsnr=5.21  m=(7.2,4.8) s=+0.00  mc=5.1
  H1 trigger  t=1167557580.306  newsnr=5.17  m=(39.0,26.0) s=+0.00  mc=27.6
  H1 trigger  t=1167557590.292  newsnr=5.08  m=(13.3,6.7) s=+0.00  mc=8.1
  H1 trigger  t=1167557596.391  newsnr=5.21  m=(27.5,27.5) s=+0.00  mc=23.9
  H1 trigger  t=1167557601.390  newsnr=5.38  m=(63.8,21.2) s=+0.00  mc=31.1
  H1 trigger  t=1167557602.776  newsnr=5.01  m=(7.2,4.8) s=+0.00  mc=5.1
  H1 trigger  t=1167557606.329  newsnr=5.14  m=(48.8,16.2) s=+0.00  mc=23.8
  H1 trigger  t=1167557617.932  newsnr=5.32  m=(30.0,15.0) s=+0.00  mc=18.3
  H1 trigger  t=1167557623.365  newsnr=5.29  m=(16.0,4.0) s=+0.00  mc=6.7
  H1 trigger  t=1167557629.393  newsnr=5.12  m=(8.0,4.0) s=+0.00  mc=4.9
  H1 trigger  t=1167557634.942  newsnr=5.81  m=(18.0,12.0) s=+0.00  mc=12.7
  H1 trigger  t=1167557640.578  newsnr=5.35  m=(80.0,20.0) s=+0.00  mc=33.3
  H1 trigger  t=1167557649.111  newsnr=5.04  m=(13.3,6.7) s=+0.00  mc=8.1
  H1 trigger  t=1167557655.603  newsnr=5.45  m=(18.0,12.0) s=+0.00  mc=12.7
  H1 trigger  t=1167557663.254  newsnr=5.05  m=(39.0,26.0) s=+0.00  mc=27.6
  H1 trigger  t=1167557664.516  newsnr=5.13  m=(42.5,42.5) s=+0.00  mc=37.0
  H1 trigger  t=1167557681.278  newsnr=5.19  m=(20.0,10.0) s=+0.00  mc=12.2
  H1 trigger  t=1167557711.270  newsnr=5.01  m=(9.0,3.0) s=+0.00  mc=4.4
  H1 trigger  t=1167557715.848  newsnr=5.10  m=(10.0,10.0) s=+0.00  mc=8.7
  H1 trigger  t=1167557727.348  newsnr=5.93  m=(16.7,13.3) s=+0.00  mc=13.0
  H1 trigger  t=1167557742.355  newsnr=5.33  m=(43.2,28.8) s=+0.00  mc=30.6
  H1 trigger  t=1167557753.741  newsnr=5.27  m=(36.0,9.0) s=+0.00  mc=15.0
  H1 trigger  t=1167557788.622  newsnr=5.12  m=(15.0,5.0) s=+0.00  mc=7.3
  H1 trigger  t=1167557791.249  newsnr=5.06  m=(9.0,3.0) s=+0.00  mc=4.4
  H1 trigger  t=1167557793.724  newsnr=5.48  m=(27.5,27.5) s=+0.00  mc=23.9
  H1 trigger  t=1167557795.541  newsnr=5.02  m=(54.0,18.0) s=+0.00  mc=26.4
  H1 trigger  t=1167557808.934  newsnr=5.15  m=(27.0,18.0) s=+0.00  mc=19.1
  H1 trigger  t=1167557821.831  newsnr=5.37  m=(6.7,5.3) s=+0.00  mc=5.2
  H1 trigger  t=1167557832.660  newsnr=5.02  m=(8.0,4.0) s=+0.00  mc=4.9
  H1 trigger  t=1167557838.482  newsnr=5.27  m=(24.0,6.0) s=+0.00  mc=10.0
  H1 trigger  t=1167557840.330  newsnr=5.23  m=(6.0,6.0) s=+0.00  mc=5.2
  H1 trigger  t=1167557843.433  newsnr=5.18  m=(16.7,13.3) s=+0.00  mc=13.0
  H1 trigger  t=1167557848.937  newsnr=5.10  m=(60.0,40.0) s=+0.00  mc=42.5
  H1 trigger  t=1167557866.579  newsnr=5.18  m=(36.0,36.0) s=+0.00  mc=31.3
  H1 trigger  t=1167557869.674  newsnr=5.29  m=(33.0,22.0) s=+0.00  mc=23.4
  H1 trigger  t=1167557871.210  newsnr=5.63  m=(6.0,6.0) s=+0.00  mc=5.2
  H1 trigger  t=1167557874.234  newsnr=5.04  m=(22.5,22.5) s=+0.00  mc=19.6
  H1 trigger  t=1167557879.136  newsnr=5.27  m=(68.0,17.0) s=+0.00  mc=28.3
  H1 trigger  t=1167557889.212  newsnr=5.49  m=(36.7,18.3) s=+0.00  mc=22.3
  H1 trigger  t=1167557900.096  newsnr=5.33  m=(12.0,8.0) s=+0.00  mc=8.5
  H1 trigger  t=1167557904.012  newsnr=5.27  m=(9.6,2.4) s=+0.00  mc=4.0
  H1 trigger  t=1167557906.113  newsnr=5.21  m=(7.2,4.8) s=+0.00  mc=5.1
  H1 trigger  t=1167557911.150  newsnr=5.10  m=(36.0,36.0) s=+0.00  mc=31.3
  H1 trigger  t=1167557921.088  newsnr=5.11  m=(12.0,8.0) s=+0.00  mc=8.5
  H1 trigger  t=1167557935.620  newsnr=5.08  m=(44.0,11.0) s=+0.00  mc=18.3
  H1 trigger  t=1167557942.809  newsnr=5.30  m=(30.0,15.0) s=+0.00  mc=18.3
  H1 trigger  t=1167557957.975  newsnr=5.53  m=(6.7,5.3) s=+0.00  mc=5.2
  H1 trigger  t=1167557965.826  newsnr=5.27  m=(41.2,13.8) s=+0.00  mc=20.1
  H1 trigger  t=1167557966.926  newsnr=5.47  m=(22.5,7.5) s=+0.00  mc=11.0
  H1 trigger  t=1167557968.389  newsnr=5.00  m=(13.3,6.7) s=+0.00  mc=8.1
  H1 trigger  t=1167557975.362  newsnr=5.62  m=(16.0,4.0) s=+0.00  mc=6.7
  H1 trigger  t=1167557983.297  newsnr=5.37  m=(6.7,5.3) s=+0.00  mc=5.2
  H1 trigger  t=1167558003.156  newsnr=5.22  m=(20.0,10.0) s=+0.00  mc=12.2
  H1 trigger  t=1167558007.001  newsnr=5.76  m=(10.0,10.0) s=+0.00  mc=8.7
  H1 trigger  t=1167558016.929  newsnr=5.27  m=(9.6,2.4) s=+0.00  mc=4.0
  H1 trigger  t=1167558029.608  newsnr=5.12  m=(11.1,8.9) s=+0.00  mc=8.6
  H1 trigger  t=1167558036.759  newsnr=5.01  m=(6.0,6.0) s=+0.00  mc=5.2
  H1 trigger  t=1167558038.668  newsnr=5.51  m=(43.3,21.7) s=+0.00  mc=26.4
  H1 trigger  t=1167558040.717  newsnr=5.61  m=(57.6,14.4) s=+0.00  mc=24.0
  H1 trigger  t=1167558042.412  newsnr=5.19  m=(15.0,15.0) s=+0.00  mc=13.1
  H1 trigger  t=1167558046.520  newsnr=5.12  m=(22.5,7.5) s=+0.00  mc=11.0
  H1 trigger  t=1167558056.287  newsnr=5.86  m=(25.0,20.0) s=+0.00  mc=19.4
  H1 trigger  t=1167558058.912  newsnr=5.29  m=(6.0,6.0) s=+0.00  mc=5.2
  H1 trigger  t=1167558060.040  newsnr=5.04  m=(27.0,18.0) s=+0.00  mc=19.1
  H1 trigger  t=1167558061.247  newsnr=5.10  m=(33.8,11.2) s=+0.00  mc=16.5
  H1 trigger  t=1167558065.012  newsnr=5.04  m=(7.2,4.8) s=+0.00  mc=5.1
  H1 trigger  t=1167558068.236  newsnr=5.07  m=(36.0,9.0) s=+0.00  mc=15.0
  H1 trigger  t=1167558076.541  newsnr=5.17  m=(24.0,6.0) s=+0.00  mc=10.0
  H1 trigger  t=1167558079.742  newsnr=5.10  m=(52.0,13.0) s=+0.00  mc=21.6
  H1 trigger  t=1167558085.489  newsnr=5.04  m=(40.0,32.0) s=+0.00  mc=31.1
  H1 trigger  t=1167558089.966  newsnr=5.06  m=(15.0,5.0) s=+0.00  mc=7.3
  H1 trigger  t=1167558097.360  newsnr=5.29  m=(12.0,8.0) s=+0.00  mc=8.5
  H1 trigger  t=1167558102.284  newsnr=5.04  m=(16.0,4.0) s=+0.00  mc=6.7
  H1 trigger  t=1167558121.496  newsnr=5.02  m=(33.8,11.2) s=+0.00  mc=16.5
  H1 trigger  t=1167558123.453  newsnr=5.16  m=(36.7,18.3) s=+0.00  mc=22.3
  H1 trigger  t=1167558126.862  newsnr=5.37  m=(33.8,11.2) s=+0.00  mc=16.5
  H1 trigger  t=1167558135.169  newsnr=5.39  m=(6.0,6.0) s=+0.00  mc=5.2
  H1 trigger  t=1167558138.420  newsnr=5.16  m=(9.6,2.4) s=+0.00  mc=4.0
  H1 trigger  t=1167558149.591  newsnr=5.12  m=(18.0,12.0) s=+0.00  mc=12.7
  H1 trigger  t=1167558154.657  newsnr=5.23  m=(68.0,17.0) s=+0.00  mc=28.3
  H1 trigger  t=1167558164.879  newsnr=5.01  m=(9.6,2.4) s=+0.00  mc=4.0
  H1 trigger  t=1167558169.997  newsnr=5.12  m=(22.5,22.5) s=+0.00  mc=19.6
  H1 trigger  t=1167558179.318  newsnr=5.21  m=(18.0,12.0) s=+0.00  mc=12.7
  H1 trigger  t=1167558182.721  newsnr=5.25  m=(30.6,24.4) s=+0.00  mc=23.8
  H1 trigger  t=1167558183.779  newsnr=5.61  m=(12.0,8.0) s=+0.00  mc=8.5
  H1 trigger  t=1167558190.127  newsnr=5.15  m=(24.0,6.0) s=+0.00  mc=10.0
  H1 trigger  t=1167558195.989  newsnr=5.07  m=(30.0,15.0) s=+0.00  mc=18.3
  H1 trigger  t=1167558205.938  newsnr=5.15  m=(22.5,7.5) s=+0.00  mc=11.0
  H1 trigger  t=1167558216.877  newsnr=5.22  m=(24.0,6.0) s=+0.00  mc=10.0
  H1 trigger  t=1167558221.270  newsnr=5.06  m=(6.7,5.3) s=+0.00  mc=5.2
  H1 trigger  t=1167558230.044  newsnr=5.02  m=(10.0,10.0) s=+0.00  mc=8.7
  H1 trigger  t=1167558242.086  newsnr=5.06  m=(9.0,3.0) s=+0.00  mc=4.4
  H1 trigger  t=1167558246.026  newsnr=5.20  m=(30.0,15.0) s=+0.00  mc=18.3
  H1 trigger  t=1167558258.062  newsnr=5.53  m=(12.0,8.0) s=+0.00  mc=8.5
  H1 trigger  t=1167558260.214  newsnr=5.31  m=(80.0,20.0) s=+0.00  mc=33.3
  H1 trigger  t=1167558263.355  newsnr=5.32  m=(41.2,13.8) s=+0.00  mc=20.1
  H1 trigger  t=1167558270.563  newsnr=5.02  m=(13.3,6.7) s=+0.00  mc=8.1
  H1 trigger  t=1167558272.485  newsnr=5.00  m=(7.2,4.8) s=+0.00  mc=5.1
  H1 trigger  t=1167558277.994  newsnr=5.34  m=(27.5,27.5) s=+0.00  mc=23.9
  H1 trigger  t=1167558283.377  newsnr=5.33  m=(10.0,10.0) s=+0.00  mc=8.7
  H1 trigger  t=1167558294.028  newsnr=5.10  m=(15.0,5.0) s=+0.00  mc=7.3
  H1 trigger  t=1167558297.376  newsnr=5.00  m=(43.2,28.8) s=+0.00  mc=30.6
  H1 trigger  t=1167558299.144  newsnr=5.58  m=(15.0,5.0) s=+0.00  mc=7.3
  H1 trigger  t=1167558316.553  newsnr=5.49  m=(50.0,50.0) s=+0.00  mc=43.5
  H1 trigger  t=1167558326.383  newsnr=5.11  m=(15.0,15.0) s=+0.00  mc=13.1
  H1 trigger  t=1167558328.479  newsnr=5.26  m=(36.0,9.0) s=+0.00  mc=15.0
  H1 trigger  t=1167558331.446  newsnr=5.14  m=(22.5,22.5) s=+0.00  mc=19.6
  H1 trigger  t=1167558333.381  newsnr=5.07  m=(48.8,16.2) s=+0.00  mc=23.8
  H1 trigger  t=1167558335.172  newsnr=5.51  m=(20.0,10.0) s=+0.00  mc=12.2
  H1 trigger  t=1167558343.089  newsnr=5.63  m=(11.1,8.9) s=+0.00  mc=8.6
  H1 trigger  t=1167558350.553  newsnr=5.06  m=(41.2,13.8) s=+0.00  mc=20.1
  H1 trigger  t=1167558385.927  newsnr=5.19  m=(43.3,21.7) s=+0.00  mc=26.4
  H1 trigger  t=1167558408.531  newsnr=5.09  m=(10.0,10.0) s=+0.00  mc=8.7
  H1 trigger  t=1167558420.756  newsnr=5.72  m=(33.8,11.2) s=+0.00  mc=16.5
  H1 trigger  t=1167558432.161  newsnr=5.17  m=(22.5,7.5) s=+0.00  mc=11.0
  H1 trigger  t=1167558433.249  newsnr=5.47  m=(30.0,15.0) s=+0.00  mc=18.3
  H1 trigger  t=1167558447.139  newsnr=5.14  m=(15.0,5.0) s=+0.00  mc=7.3
  H1 trigger  t=1167558469.408  newsnr=5.00  m=(6.0,6.0) s=+0.00  mc=5.2
  H1 trigger  t=1167558472.310  newsnr=5.05  m=(6.0,6.0) s=+0.00  mc=5.2
  H1 trigger  t=1167558478.806  newsnr=5.31  m=(16.0,4.0) s=+0.00  mc=6.7
  H1 trigger  t=1167558490.727  newsnr=5.36  m=(36.7,18.3) s=+0.00  mc=22.3
  H1 trigger  t=1167558501.103  newsnr=5.16  m=(6.7,5.3) s=+0.00  mc=5.2
  H1 trigger  t=1167558511.290  newsnr=5.22  m=(60.0,40.0) s=+0.00  mc=42.5
  H1 trigger  t=1167558526.226  newsnr=5.19  m=(22.5,7.5) s=+0.00  mc=11.0
  H1 trigger  t=1167558529.340  newsnr=5.12  m=(22.5,7.5) s=+0.00  mc=11.0
  H1 trigger  t=1167558549.586  newsnr=5.25  m=(24.0,6.0) s=+0.00  mc=10.0
  H1 trigger  t=1167558550.703  newsnr=5.31  m=(48.0,24.0) s=+0.00  mc=29.2
  H1 trigger  t=1167558558.822  newsnr=5.35  m=(42.5,42.5) s=+0.00  mc=37.0
  H1 trigger  t=1167558563.079  newsnr=5.42  m=(6.0,6.0) s=+0.00  mc=5.2
  H1 trigger  t=1167558566.311  newsnr=5.58  m=(12.0,8.0) s=+0.00  mc=8.5
  H1 trigger  t=1167558568.591  newsnr=5.72  m=(32.5,32.5) s=+0.00  mc=28.3
  H1 trigger  t=1167558569.731  newsnr=5.08  m=(33.8,11.2) s=+0.00  mc=16.5
  H1 trigger  t=1167558573.287  newsnr=5.33  m=(22.5,7.5) s=+0.00  mc=11.0
  H1 trigger  t=1167558576.923  newsnr=5.05  m=(8.0,4.0) s=+0.00  mc=4.9
  H1 trigger  t=1167558583.050  newsnr=5.36  m=(6.7,5.3) s=+0.00  mc=5.2
  H1 trigger  t=1167558589.032  newsnr=5.25  m=(13.3,6.7) s=+0.00  mc=8.1
  H1 trigger  t=1167558593.326  newsnr=5.31  m=(9.6,2.4) s=+0.00  mc=4.0
  H1 trigger  t=1167558597.361  newsnr=5.34  m=(36.0,9.0) s=+0.00  mc=15.0
  H1 trigger  t=1167558604.744  newsnr=6.53  m=(48.0,24.0) s=+0.00  mc=29.2
  H1 trigger  t=1167558610.592  newsnr=6.05  m=(80.0,20.0) s=+0.00  mc=33.3
  H1 trigger  t=1167558616.405  newsnr=5.27  m=(15.0,15.0) s=+0.00  mc=13.1
  H1 trigger  t=1167558618.161  newsnr=5.09  m=(9.6,2.4) s=+0.00  mc=4.0
  H1 trigger  t=1167558620.772  newsnr=5.06  m=(44.0,11.0) s=+0.00  mc=18.3
  H1 trigger  t=1167558636.066  newsnr=5.55  m=(15.0,5.0) s=+0.00  mc=7.3
  H1 trigger  t=1167558637.328  newsnr=5.19  m=(24.0,6.0) s=+0.00  mc=10.0
  H1 trigger  t=1167558638.655  newsnr=5.06  m=(36.0,9.0) s=+0.00  mc=15.0
  H1 trigger  t=1167558650.809  newsnr=5.12  m=(15.0,5.0) s=+0.00  mc=7.3
  H1 trigger  t=1167558662.959  newsnr=5.06  m=(9.0,3.0) s=+0.00  mc=4.4
  H1 trigger  t=1167558666.435  newsnr=5.30  m=(7.2,4.8) s=+0.00  mc=5.1
  H1 trigger  t=1167558668.612  newsnr=5.02  m=(6.0,6.0) s=+0.00  mc=5.2
  H1 trigger  t=1167558669.884  newsnr=5.04  m=(24.0,6.0) s=+0.00  mc=10.0
  H1 trigger  t=1167558678.942  newsnr=5.37  m=(20.0,10.0) s=+0.00  mc=12.2
  H1 trigger  t=1167558681.300  newsnr=5.07  m=(33.8,11.2) s=+0.00  mc=16.5
  H1 trigger  t=1167558699.074  newsnr=5.19  m=(68.0,17.0) s=+0.00  mc=28.3
  H1 trigger  t=1167558700.364  newsnr=5.21  m=(8.0,4.0) s=+0.00  mc=4.9
  H1 trigger  t=1167558711.364  newsnr=5.44  m=(6.7,5.3) s=+0.00  mc=5.2
  H1 trigger  t=1167558715.044  newsnr=5.52  m=(11.1,8.9) s=+0.00  mc=8.6
  H1 trigger  t=1167558722.710  newsnr=5.21  m=(20.0,10.0) s=+0.00  mc=12.2
  H1 trigger  t=1167558725.681  newsnr=5.06  m=(11.1,8.9) s=+0.00  mc=8.6
  H1 trigger  t=1167558753.960  newsnr=5.02  m=(42.5,42.5) s=+0.00  mc=37.0
  H1 trigger  t=1167558769.136  newsnr=5.01  m=(18.0,12.0) s=+0.00  mc=12.7
  H1 trigger  t=1167558777.352  newsnr=5.13  m=(13.3,6.7) s=+0.00  mc=8.1
  H1 trigger  t=1167558783.229  newsnr=5.22  m=(18.0,12.0) s=+0.00  mc=12.7
  H1 trigger  t=1167558807.915  newsnr=5.21  m=(12.0,8.0) s=+0.00  mc=8.5
  H1 trigger  t=1167558815.845  newsnr=5.16  m=(18.0,12.0) s=+0.00  mc=12.7
  H1 trigger  t=1167558819.701  newsnr=5.18  m=(15.0,15.0) s=+0.00  mc=13.1
  H1 trigger  t=1167558836.829  newsnr=5.14  m=(9.0,3.0) s=+0.00  mc=4.4
  H1 trigger  t=1167558841.511  newsnr=5.21  m=(27.0,18.0) s=+0.00  mc=19.1
  H1 trigger  t=1167558844.089  newsnr=5.39  m=(54.0,18.0) s=+0.00  mc=26.4
  H1 trigger  t=1167558861.104  newsnr=5.12  m=(10.0,10.0) s=+0.00  mc=8.7
  H1 trigger  t=1167558873.564  newsnr=5.07  m=(33.0,22.0) s=+0.00  mc=23.4
  H1 trigger  t=1167558879.061  newsnr=5.10  m=(16.7,13.3) s=+0.00  mc=13.0
  H1 trigger  t=1167558885.903  newsnr=5.34  m=(18.0,12.0) s=+0.00  mc=12.7
  H1 trigger  t=1167558901.603  newsnr=5.25  m=(8.0,4.0) s=+0.00  mc=4.9
  H1 trigger  t=1167558906.450  newsnr=5.05  m=(13.3,6.7) s=+0.00  mc=8.1
  H1 trigger  t=1167558915.549  newsnr=5.15  m=(40.0,32.0) s=+0.00  mc=31.1
  H1 trigger  t=1167558918.183  newsnr=5.30  m=(33.8,11.2) s=+0.00  mc=16.5
  H1 trigger  t=1167558922.326  newsnr=5.15  m=(20.0,10.0) s=+0.00  mc=12.2
  H1 trigger  t=1167558923.467  newsnr=5.68  m=(27.0,18.0) s=+0.00  mc=19.1
  H1 trigger  t=1167558950.185  newsnr=5.09  m=(41.2,13.8) s=+0.00  mc=20.1
  H1 trigger  t=1167558954.594  newsnr=5.36  m=(43.3,21.7) s=+0.00  mc=26.4
  H1 trigger  t=1167558955.644  newsnr=5.24  m=(9.6,2.4) s=+0.00  mc=4.0
  H1 trigger  t=1167558961.323  newsnr=5.05  m=(24.0,6.0) s=+0.00  mc=10.0
  H1 trigger  t=1167558964.611  newsnr=5.06  m=(9.6,2.4) s=+0.00  mc=4.0
  H1 trigger  t=1167558966.184  newsnr=5.02  m=(30.0,15.0) s=+0.00  mc=18.3
  H1 trigger  t=1167558967.267  newsnr=5.21  m=(36.0,9.0) s=+0.00  mc=15.0
  H1 trigger  t=1167558969.499  newsnr=5.23  m=(48.0,24.0) s=+0.00  mc=29.2
  H1 trigger  t=1167558982.477  newsnr=5.22  m=(15.0,5.0) s=+0.00  mc=7.3
  H1 trigger  t=1167559007.723  newsnr=5.28  m=(16.0,4.0) s=+0.00  mc=6.7
  H1 trigger  t=1167559021.913  newsnr=5.14  m=(6.0,6.0) s=+0.00  mc=5.2
  H1 trigger  t=1167559025.948  newsnr=5.45  m=(39.0,26.0) s=+0.00  mc=27.6
  H1 trigger  t=1167559029.334  newsnr=5.05  m=(13.3,6.7) s=+0.00  mc=8.1
  H1 trigger  t=1167559032.946  newsnr=5.23  m=(20.0,10.0) s=+0.00  mc=12.2
  H1 trigger  t=1167559034.513  newsnr=5.11  m=(33.8,11.2) s=+0.00  mc=16.5
  H1 trigger  t=1167559038.970  newsnr=5.01  m=(33.0,22.0) s=+0.00  mc=23.4
  H1 trigger  t=1167559040.218  newsnr=5.03  m=(10.0,10.0) s=+0.00  mc=8.7
  H1 trigger  t=1167559042.907  newsnr=5.16  m=(15.0,15.0) s=+0.00  mc=13.1
  H1 trigger  t=1167559045.686  newsnr=5.13  m=(39.0,26.0) s=+0.00  mc=27.6
  H1 trigger  t=1167559059.064  newsnr=5.11  m=(30.0,15.0) s=+0.00  mc=18.3
  H1 trigger  t=1167559065.195  newsnr=5.19  m=(20.0,10.0) s=+0.00  mc=12.2
  H1 trigger  t=1167559073.478  newsnr=5.05  m=(11.1,8.9) s=+0.00  mc=8.6
  H1 trigger  t=1167559076.820  newsnr=5.08  m=(44.0,11.0) s=+0.00  mc=18.3
  H1 trigger  t=1167559079.481  newsnr=5.50  m=(20.0,10.0) s=+0.00  mc=12.2
  H1 trigger  t=1167559081.479  newsnr=5.45  m=(6.7,5.3) s=+0.00  mc=5.2
  H1 trigger  t=1167559084.853  newsnr=5.85  m=(15.0,15.0) s=+0.00  mc=13.1
  H1 trigger  t=1167559086.076  newsnr=5.15  m=(7.2,4.8) s=+0.00  mc=5.1
  H1 trigger  t=1167559088.484  newsnr=5.00  m=(40.0,32.0) s=+0.00  mc=31.1
  H1 trigger  t=1167559090.779  newsnr=5.23  m=(7.2,4.8) s=+0.00  mc=5.1
  H1 trigger  t=1167559093.512  newsnr=5.02  m=(36.7,18.3) s=+0.00  mc=22.3
  H1 trigger  t=1167559101.783  newsnr=5.51  m=(27.5,27.5) s=+0.00  mc=23.9
  H1 trigger  t=1167559105.908  newsnr=5.63  m=(52.0,13.0) s=+0.00  mc=21.6
  H1 trigger  t=1167559110.799  newsnr=5.08  m=(22.5,7.5) s=+0.00  mc=11.0
  H1 trigger  t=1167559120.165  newsnr=5.08  m=(42.5,42.5) s=+0.00  mc=37.0
  H1 trigger  t=1167559124.681  newsnr=5.39  m=(18.0,12.0) s=+0.00  mc=12.7
  H1 trigger  t=1167559125.770  newsnr=5.14  m=(44.0,11.0) s=+0.00  mc=18.3
  H1 trigger  t=1167559129.316  newsnr=5.25  m=(8.0,4.0) s=+0.00  mc=4.9
  H1 trigger  t=1167559130.821  newsnr=5.05  m=(57.6,14.4) s=+0.00  mc=24.0
  H1 trigger  t=1167559140.028  newsnr=5.02  m=(52.0,13.0) s=+0.00  mc=21.6
  H1 trigger  t=1167559146.000  newsnr=5.10  m=(54.0,18.0) s=+0.00  mc=26.4
  H1 trigger  t=1167559161.811  newsnr=5.52  m=(41.2,13.8) s=+0.00  mc=20.1
  H1 trigger  t=1167559166.033  newsnr=5.05  m=(43.3,21.7) s=+0.00  mc=26.4
  H1 trigger  t=1167559171.001  newsnr=5.06  m=(68.0,17.0) s=+0.00  mc=28.3
  H1 trigger  t=1167559179.382  newsnr=5.08  m=(48.8,16.2) s=+0.00  mc=23.8
  H1 trigger  t=1167559181.079  newsnr=5.06  m=(27.0,18.0) s=+0.00  mc=19.1
  H1 trigger  t=1167559196.374  newsnr=5.16  m=(7.2,4.8) s=+0.00  mc=5.1
  H1 trigger  t=1167559198.583  newsnr=5.15  m=(30.0,15.0) s=+0.00  mc=18.3
  H1 trigger  t=1167559200.276  newsnr=5.09  m=(15.0,5.0) s=+0.00  mc=7.3
  H1 trigger  t=1167559202.141  newsnr=5.12  m=(16.0,4.0) s=+0.00  mc=6.7
  H1 trigger  t=1167559206.030  newsnr=5.10  m=(13.3,6.7) s=+0.00  mc=8.1
  H1 trigger  t=1167559207.210  newsnr=5.09  m=(18.0,12.0) s=+0.00  mc=12.7
  H1 trigger  t=1167559211.375  newsnr=5.06  m=(63.8,21.2) s=+0.00  mc=31.1
  H1 trigger  t=1167559214.331  newsnr=5.20  m=(68.0,17.0) s=+0.00  mc=28.3
  H1 trigger  t=1167559217.617  newsnr=5.22  m=(41.2,13.8) s=+0.00  mc=20.1
  H1 trigger  t=1167559220.974  newsnr=5.01  m=(9.0,3.0) s=+0.00  mc=4.4
  H1 trigger  t=1167559227.355  newsnr=5.39  m=(10.0,10.0) s=+0.00  mc=8.7
  H1 trigger  t=1167559237.060  newsnr=5.10  m=(27.0,18.0) s=+0.00  mc=19.1
  H1 trigger  t=1167559246.069  newsnr=5.42  m=(24.0,6.0) s=+0.00  mc=10.0
  H1 trigger  t=1167559250.155  newsnr=6.71  m=(27.0,18.0) s=+0.00  mc=19.1
  H1 trigger  t=1167559255.204  newsnr=5.06  m=(39.0,26.0) s=+0.00  mc=27.6
  H1 trigger  t=1167559257.177  newsnr=5.26  m=(18.0,12.0) s=+0.00  mc=12.7
  H1 trigger  t=1167559258.190  newsnr=5.56  m=(22.5,7.5) s=+0.00  mc=11.0
  H1 trigger  t=1167559267.903  newsnr=5.17  m=(6.0,6.0) s=+0.00  mc=5.2
  H1 trigger  t=1167559270.680  newsnr=5.77  m=(11.1,8.9) s=+0.00  mc=8.6
  H1 trigger  t=1167559272.646  newsnr=5.31  m=(13.3,6.7) s=+0.00  mc=8.1
  H1 trigger  t=1167559290.670  newsnr=5.29  m=(9.0,3.0) s=+0.00  mc=4.4
  H1 trigger  t=1167559297.670  newsnr=5.28  m=(43.3,21.7) s=+0.00  mc=26.4
  H1 trigger  t=1167559300.807  newsnr=5.05  m=(9.0,3.0) s=+0.00  mc=4.4
  H1 trigger  t=1167559302.890  newsnr=5.09  m=(8.0,4.0) s=+0.00  mc=4.9
  H1 trigger  t=1167559307.051  newsnr=5.09  m=(13.3,6.7) s=+0.00  mc=8.1
  H1 trigger  t=1167559326.519  newsnr=5.05  m=(22.5,22.5) s=+0.00  mc=19.6
  H1 trigger  t=1167559331.304  newsnr=5.11  m=(20.0,10.0) s=+0.00  mc=12.2
  H1 trigger  t=1167559333.195  newsnr=5.24  m=(6.0,6.0) s=+0.00  mc=5.2
  H1 trigger  t=1167559340.610  newsnr=5.07  m=(39.0,26.0) s=+0.00  mc=27.6
  H1 trigger  t=1167559347.222  newsnr=5.19  m=(7.2,4.8) s=+0.00  mc=5.1
  H1 trigger  t=1167559362.703  newsnr=5.06  m=(11.1,8.9) s=+0.00  mc=8.6
  H1 trigger  t=1167559382.330  newsnr=5.07  m=(16.7,13.3) s=+0.00  mc=13.0
  H1 trigger  t=1167559386.725  newsnr=5.07  m=(9.6,2.4) s=+0.00  mc=4.0
  H1 trigger  t=1167559391.491  newsnr=5.31  m=(30.0,15.0) s=+0.00  mc=18.3
  H1 trigger  t=1167559393.506  newsnr=5.07  m=(16.0,4.0) s=+0.00  mc=6.7
  H1 trigger  t=1167559405.358  newsnr=5.51  m=(48.0,24.0) s=+0.00  mc=29.2
  H1 trigger  t=1167559409.912  newsnr=5.29  m=(43.3,21.7) s=+0.00  mc=26.4
  H1 trigger  t=1167559412.754  newsnr=5.01  m=(30.0,15.0) s=+0.00  mc=18.3
  H1 trigger  t=1167559415.218  newsnr=5.19  m=(16.0,4.0) s=+0.00  mc=6.7
  H1 trigger  t=1167559417.458  newsnr=5.32  m=(12.0,8.0) s=+0.00  mc=8.5
  H1 trigger  t=1167559424.814  newsnr=5.03  m=(9.0,3.0) s=+0.00  mc=4.4
  H1 trigger  t=1167559429.716  newsnr=5.46  m=(7.2,4.8) s=+0.00  mc=5.1
  H1 trigger  t=1167559432.031  newsnr=5.14  m=(22.5,22.5) s=+0.00  mc=19.6
  H1 trigger  t=1167559439.809  newsnr=5.07  m=(48.8,16.2) s=+0.00  mc=23.8
  H1 trigger  t=1167559451.356  newsnr=5.87  m=(36.0,36.0) s=+0.00  mc=31.3
  H1 trigger  t=1167559457.283  newsnr=5.01  m=(16.7,13.3) s=+0.00  mc=13.0
  H1 trigger  t=1167559473.691  newsnr=5.06  m=(33.0,22.0) s=+0.00  mc=23.4
  H1 trigger  t=1167559481.692  newsnr=5.09  m=(41.2,13.8) s=+0.00  mc=20.1
  H1 trigger  t=1167559485.309  newsnr=5.05  m=(8.0,4.0) s=+0.00  mc=4.9
  H1 trigger  t=1167559490.298  newsnr=5.21  m=(13.3,6.7) s=+0.00  mc=8.1
  H1 trigger  t=1167559507.372  newsnr=5.15  m=(10.0,10.0) s=+0.00  mc=8.7
  H1 trigger  t=1167559512.316  newsnr=5.04  m=(36.0,36.0) s=+0.00  mc=31.3
  H1 trigger  t=1167559522.150  newsnr=5.39  m=(36.0,9.0) s=+0.00  mc=15.0
  H1 trigger  t=1167559534.521  newsnr=5.49  m=(15.0,15.0) s=+0.00  mc=13.1
  H1 trigger  t=1167559536.375  newsnr=5.24  m=(24.0,6.0) s=+0.00  mc=10.0
  H1 trigger  t=1167559537.505  newsnr=5.27  m=(9.0,3.0) s=+0.00  mc=4.4
  H1 trigger  t=1167559548.927  newsnr=5.01  m=(16.7,13.3) s=+0.00  mc=13.0
  H1 trigger  t=1167559562.357  newsnr=5.56  m=(39.0,26.0) s=+0.00  mc=27.6
  H1 trigger  t=1167559571.932  newsnr=5.24  m=(48.8,16.2) s=+0.00  mc=23.8
  H1 trigger  t=1167559591.186  newsnr=5.12  m=(44.0,11.0) s=+0.00  mc=18.3
  H1 trigger  t=1167559592.441  newsnr=5.11  m=(7.2,4.8) s=+0.00  mc=5.1
  H1 trigger  t=1167559604.643  newsnr=5.47  m=(52.0,13.0) s=+0.00  mc=21.6
  H1 trigger  t=1167559631.708  newsnr=5.05  m=(27.0,18.0) s=+0.00  mc=19.1
  H1 trigger  t=1167559633.023  newsnr=5.09  m=(9.0,3.0) s=+0.00  mc=4.4
  H1 trigger  t=1167559639.921  newsnr=5.06  m=(33.8,11.2) s=+0.00  mc=16.5
  H1 trigger  t=1167559641.139  newsnr=5.01  m=(16.7,13.3) s=+0.00  mc=13.0
  H1 trigger  t=1167559642.940  newsnr=5.10  m=(44.0,11.0) s=+0.00  mc=18.3
  H1 trigger  t=1167559647.414  newsnr=5.15  m=(33.8,11.2) s=+0.00  mc=16.5
  H1 trigger  t=1167559665.645  newsnr=5.09  m=(36.1,28.9) s=+0.00  mc=28.1
  H1 trigger  t=1167559680.187  newsnr=5.64  m=(30.6,24.4) s=+0.00  mc=23.8
  H1 trigger  t=1167559681.983  newsnr=5.06  m=(12.0,8.0) s=+0.00  mc=8.5
  H1 trigger  t=1167559686.707  newsnr=5.17  m=(63.8,21.2) s=+0.00  mc=31.1
  H1 trigger  t=1167559692.741  newsnr=5.18  m=(6.0,6.0) s=+0.00  mc=5.2
  H1 trigger  t=1167559708.757  newsnr=5.14  m=(33.8,11.2) s=+0.00  mc=16.5
  H1 trigger  t=1167559710.792  newsnr=5.36  m=(18.0,12.0) s=+0.00  mc=12.7
  H1 trigger  t=1167559712.355  newsnr=5.18  m=(9.6,2.4) s=+0.00  mc=4.0
  H1 trigger  t=1167559715.470  newsnr=5.06  m=(15.0,5.0) s=+0.00  mc=7.3
  H1 trigger  t=1167559717.642  newsnr=5.07  m=(9.6,2.4) s=+0.00  mc=4.0
  H1 trigger  t=1167559723.017  newsnr=5.27  m=(10.0,10.0) s=+0.00  mc=8.7
  H1 trigger  t=1167559747.260  newsnr=5.30  m=(36.7,18.3) s=+0.00  mc=22.3
  H1 trigger  t=1167559757.550  newsnr=5.25  m=(36.7,18.3) s=+0.00  mc=22.3
  H1 trigger  t=1167559775.222  newsnr=5.40  m=(11.1,8.9) s=+0.00  mc=8.6
  H1 trigger  t=1167559776.519  newsnr=5.22  m=(33.8,11.2) s=+0.00  mc=16.5
  H1 trigger  t=1167559780.775  newsnr=5.36  m=(18.0,12.0) s=+0.00  mc=12.7
  H1 trigger  t=1167559782.112  newsnr=5.08  m=(9.0,3.0) s=+0.00  mc=4.4
  H1 trigger  t=1167559786.008  newsnr=5.14  m=(8.0,4.0) s=+0.00  mc=4.9
  H1 trigger  t=1167559792.801  newsnr=5.01  m=(8.0,4.0) s=+0.00  mc=4.9
  H1 trigger  t=1167559794.379  newsnr=5.36  m=(18.0,12.0) s=+0.00  mc=12.7
  H1 trigger  t=1167559796.151  newsnr=5.13  m=(22.5,22.5) s=+0.00  mc=19.6
  H1 trigger  t=1167559802.680  newsnr=5.16  m=(30.0,15.0) s=+0.00  mc=18.3
  H1 trigger  t=1167559804.792  newsnr=5.06  m=(20.0,10.0) s=+0.00  mc=12.2
  H1 trigger  t=1167559810.856  newsnr=5.04  m=(8.0,4.0) s=+0.00  mc=4.9
  H1 trigger  t=1167559821.719  newsnr=5.30  m=(41.2,13.8) s=+0.00  mc=20.1
  H1 trigger  t=1167559826.922  newsnr=5.14  m=(48.8,16.2) s=+0.00  mc=23.8
  H1 trigger  t=1167559831.482  newsnr=5.59  m=(33.8,11.2) s=+0.00  mc=16.5
  H1 trigger  t=1167559849.908  newsnr=5.02  m=(20.0,10.0) s=+0.00  mc=12.2
  H1 trigger  t=1167559860.993  newsnr=5.35  m=(24.0,6.0) s=+0.00  mc=10.0
  H1 trigger  t=1167559880.107  newsnr=5.17  m=(12.0,8.0) s=+0.00  mc=8.5
  H1 trigger  t=1167559889.663  newsnr=5.17  m=(30.6,24.4) s=+0.00  mc=23.8
  H1 trigger  t=1167559891.284  newsnr=5.34  m=(36.0,9.0) s=+0.00  mc=15.0
  H1 trigger  t=1167559893.978  newsnr=5.00  m=(80.0,20.0) s=+0.00  mc=33.3
  H1 trigger  t=1167559898.156  newsnr=5.35  m=(22.5,7.5) s=+0.00  mc=11.0
  H1 trigger  t=1167559905.096  newsnr=5.03  m=(27.0,18.0) s=+0.00  mc=19.1
  H1 trigger  t=1167559907.174  newsnr=5.16  m=(57.6,14.4) s=+0.00  mc=24.0
  H1 trigger  t=1167559908.687  newsnr=5.73  m=(27.0,18.0) s=+0.00  mc=19.1
  H1 trigger  t=1167559909.812  newsnr=5.40  m=(13.3,6.7) s=+0.00  mc=8.1
  H1 trigger  t=1167559920.184  newsnr=5.19  m=(24.0,6.0) s=+0.00  mc=10.0
  H1 trigger  t=1167559923.277  newsnr=5.01  m=(12.0,8.0) s=+0.00  mc=8.5
  H1 trigger  t=1167559929.060  newsnr=5.34  m=(24.0,6.0) s=+0.00  mc=10.0
  H1 trigger  t=1167559933.026  newsnr=5.35  m=(12.0,8.0) s=+0.00  mc=8.5
  H1 trigger  t=1167559936.596  newsnr=8.80  m=(48.8,16.2) s=+0.00  mc=23.8
  H1 trigger  t=1167559940.652  newsnr=5.33  m=(6.7,5.3) s=+0.00  mc=5.2
  H1 trigger  t=1167559946.325  newsnr=5.06  m=(52.0,13.0) s=+0.00  mc=21.6
  H1 trigger  t=1167559950.415  newsnr=5.62  m=(52.0,13.0) s=+0.00  mc=21.6
  H1 trigger  t=1167559960.611  newsnr=5.80  m=(27.0,18.0) s=+0.00  mc=19.1
  H1 trigger  t=1167559987.669  newsnr=5.09  m=(24.0,6.0) s=+0.00  mc=10.0
  H1 trigger  t=1167559991.859  newsnr=5.08  m=(18.0,12.0) s=+0.00  mc=12.7
  H1 trigger  t=1167559995.931  newsnr=5.60  m=(48.8,16.2) s=+0.00  mc=23.8
  H1 trigger  t=1167560010.553  newsnr=5.75  m=(15.0,5.0) s=+0.00  mc=7.3
  H1 trigger  t=1167560016.918  newsnr=5.32  m=(66.7,33.3) s=+0.00  mc=40.6
  H1 trigger  t=1167560019.603  newsnr=5.04  m=(9.0,3.0) s=+0.00  mc=4.4
  H1 trigger  t=1167560026.780  newsnr=5.01  m=(12.0,8.0) s=+0.00  mc=8.5
  H1 trigger  t=1167560031.398  newsnr=5.88  m=(8.0,4.0) s=+0.00  mc=4.9
  H1 trigger  t=1167560042.491  newsnr=5.14  m=(27.5,27.5) s=+0.00  mc=23.9
  H1 trigger  t=1167560047.909  newsnr=5.06  m=(24.0,6.0) s=+0.00  mc=10.0
  H1 trigger  t=1167560049.372  newsnr=5.12  m=(25.0,20.0) s=+0.00  mc=19.4
  H1 trigger  t=1167560053.786  newsnr=5.10  m=(20.0,10.0) s=+0.00  mc=12.2
  H1 trigger  t=1167560056.812  newsnr=5.13  m=(33.0,22.0) s=+0.00  mc=23.4
  H1 trigger  t=1167560062.265  newsnr=5.82  m=(15.0,15.0) s=+0.00  mc=13.1
  H1 trigger  t=1167560067.147  newsnr=5.64  m=(36.7,18.3) s=+0.00  mc=22.3
  H1 trigger  t=1167560070.580  newsnr=5.04  m=(51.0,34.0) s=+0.00  mc=36.1
  H1 trigger  t=1167560081.699  newsnr=5.01  m=(18.0,12.0) s=+0.00  mc=12.7
  H1 trigger  t=1167560091.695  newsnr=5.04  m=(10.0,10.0) s=+0.00  mc=8.7
  H1 trigger  t=1167560098.118  newsnr=5.09  m=(48.0,24.0) s=+0.00  mc=29.2
  H1 trigger  t=1167560102.921  newsnr=5.34  m=(8.0,4.0) s=+0.00  mc=4.9
  H1 trigger  t=1167560105.495  newsnr=5.49  m=(36.0,36.0) s=+0.00  mc=31.3
  H1 trigger  t=1167560109.489  newsnr=5.16  m=(41.2,13.8) s=+0.00  mc=20.1
  H1 trigger  t=1167560118.185  newsnr=5.23  m=(20.0,10.0) s=+0.00  mc=12.2
  H1 trigger  t=1167560122.785  newsnr=5.81  m=(15.0,5.0) s=+0.00  mc=7.3
  H1 trigger  t=1167560137.461  newsnr=5.10  m=(43.3,21.7) s=+0.00  mc=26.4
  H1 trigger  t=1167560139.825  newsnr=5.75  m=(15.0,5.0) s=+0.00  mc=7.3
  H1 trigger  t=1167560142.033  newsnr=5.05  m=(22.5,7.5) s=+0.00  mc=11.0
  H1 trigger  t=1167560145.245  newsnr=5.15  m=(6.7,5.3) s=+0.00  mc=5.2
  H1 trigger  t=1167560147.907  newsnr=5.08  m=(48.8,16.2) s=+0.00  mc=23.8
  H1 trigger  t=1167560162.757  newsnr=5.09  m=(44.0,11.0) s=+0.00  mc=18.3
  H1 trigger  t=1167560173.330  newsnr=5.09  m=(44.0,11.0) s=+0.00  mc=18.3
  H1 trigger  t=1167560179.745  newsnr=5.01  m=(44.0,11.0) s=+0.00  mc=18.3
  H1 trigger  t=1167560181.332  newsnr=5.35  m=(6.0,6.0) s=+0.00  mc=5.2
  H1 trigger  t=1167560182.332  newsnr=5.05  m=(10.0,10.0) s=+0.00  mc=8.7
  H1 trigger  t=1167560189.842  newsnr=5.37  m=(9.0,3.0) s=+0.00  mc=4.4
  H1 trigger  t=1167560196.766  newsnr=5.20  m=(9.0,3.0) s=+0.00  mc=4.4
  H1 trigger  t=1167560210.738  newsnr=5.19  m=(24.0,6.0) s=+0.00  mc=10.0
  H1 trigger  t=1167560217.288  newsnr=5.26  m=(24.0,6.0) s=+0.00  mc=10.0
  H1 trigger  t=1167560221.734  newsnr=5.80  m=(43.3,21.7) s=+0.00  mc=26.4
  H1 trigger  t=1167560232.578  newsnr=5.18  m=(9.6,2.4) s=+0.00  mc=4.0
  H1 trigger  t=1167560243.446  newsnr=5.00  m=(33.8,11.2) s=+0.00  mc=16.5
  H1 trigger  t=1167560252.367  newsnr=5.01  m=(48.8,16.2) s=+0.00  mc=23.8
  H1 trigger  t=1167560256.532  newsnr=5.57  m=(9.0,3.0) s=+0.00  mc=4.4
  H1 trigger  t=1167560263.465  newsnr=5.17  m=(36.0,9.0) s=+0.00  mc=15.0
  H1 trigger  t=1167560264.910  newsnr=5.04  m=(6.0,6.0) s=+0.00  mc=5.2
  H1 trigger  t=1167560266.958  newsnr=5.11  m=(9.6,2.4) s=+0.00  mc=4.0
  H1 trigger  t=1167560277.160  newsnr=5.05  m=(12.0,8.0) s=+0.00  mc=8.5
  H1 trigger  t=1167560278.321  newsnr=5.37  m=(36.0,9.0) s=+0.00  mc=15.0
  H1 trigger  t=1167560284.284  newsnr=5.33  m=(16.0,4.0) s=+0.00  mc=6.7
  H1 trigger  t=1167560286.594  newsnr=5.01  m=(48.8,16.2) s=+0.00  mc=23.8
  H1 trigger  t=1167560287.731  newsnr=5.55  m=(13.3,6.7) s=+0.00  mc=8.1
  H1 trigger  t=1167560293.237  newsnr=5.22  m=(22.5,7.5) s=+0.00  mc=11.0
  H1 trigger  t=1167560306.536  newsnr=5.41  m=(15.0,5.0) s=+0.00  mc=7.3
  H1 trigger  t=1167560313.296  newsnr=5.34  m=(50.0,50.0) s=+0.00  mc=43.5
  H1 trigger  t=1167560319.350  newsnr=6.57  m=(27.5,27.5) s=+0.00  mc=23.9
  H1 trigger  t=1167560334.995  newsnr=5.05  m=(27.5,27.5) s=+0.00  mc=23.9
  H1 trigger  t=1167560341.380  newsnr=5.04  m=(43.3,21.7) s=+0.00  mc=26.4
  H1 trigger  t=1167560359.006  newsnr=5.13  m=(24.0,6.0) s=+0.00  mc=10.0
  H1 trigger  t=1167560369.736  newsnr=5.11  m=(11.1,8.9) s=+0.00  mc=8.6
  H1 trigger  t=1167560374.162  newsnr=5.37  m=(6.0,6.0) s=+0.00  mc=5.2
  H1 trigger  t=1167560385.240  newsnr=5.12  m=(27.5,27.5) s=+0.00  mc=23.9
  H1 trigger  t=1167560394.476  newsnr=5.62  m=(22.5,22.5) s=+0.00  mc=19.6
  H1 trigger  t=1167560401.990  newsnr=5.21  m=(41.2,13.8) s=+0.00  mc=20.1
  H1 trigger  t=1167560418.423  newsnr=5.11  m=(11.1,8.9) s=+0.00  mc=8.6
  H1 trigger  t=1167560422.996  newsnr=5.05  m=(15.0,15.0) s=+0.00  mc=13.1
  H1 trigger  t=1167560427.612  newsnr=5.15  m=(15.0,5.0) s=+0.00  mc=7.3
  H1 trigger  t=1167560442.100  newsnr=5.18  m=(20.0,10.0) s=+0.00  mc=12.2
  H1 trigger  t=1167560446.719  newsnr=5.27  m=(13.3,6.7) s=+0.00  mc=8.1
  H1 trigger  t=1167560448.290  newsnr=5.28  m=(18.0,12.0) s=+0.00  mc=12.7
  H1 trigger  t=1167560449.329  newsnr=5.02  m=(15.0,5.0) s=+0.00  mc=7.3
  H1 trigger  t=1167560459.086  newsnr=5.10  m=(52.0,13.0) s=+0.00  mc=21.6
  H1 trigger  t=1167560460.883  newsnr=5.17  m=(7.2,4.8) s=+0.00  mc=5.1
  H1 trigger  t=1167560474.223  newsnr=6.25  m=(12.0,8.0) s=+0.00  mc=8.5
  H1 trigger  t=1167560479.925  newsnr=5.13  m=(12.0,8.0) s=+0.00  mc=8.5
  H1 trigger  t=1167560486.478  newsnr=5.04  m=(41.2,13.8) s=+0.00  mc=20.1
  H1 trigger  t=1167560493.044  newsnr=5.34  m=(20.0,10.0) s=+0.00  mc=12.2
  H1 trigger  t=1167560498.155  newsnr=5.13  m=(24.0,6.0) s=+0.00  mc=10.0
  H1 trigger  t=1167560502.625  newsnr=5.07  m=(6.0,6.0) s=+0.00  mc=5.2
  H1 trigger  t=1167560505.642  newsnr=5.08  m=(15.0,5.0) s=+0.00  mc=7.3
  H1 trigger  t=1167560510.227  newsnr=5.30  m=(27.0,18.0) s=+0.00  mc=19.1
  H1 trigger  t=1167560520.394  newsnr=5.22  m=(15.0,15.0) s=+0.00  mc=13.1
  H1 trigger  t=1167560530.718  newsnr=5.02  m=(7.2,4.8) s=+0.00  mc=5.1
  H1 trigger  t=1167560538.408  newsnr=5.05  m=(6.7,5.3) s=+0.00  mc=5.2
  H1 trigger  t=1167560545.884  newsnr=5.31  m=(30.0,15.0) s=+0.00  mc=18.3
  H1 trigger  t=1167560550.194  newsnr=5.17  m=(13.3,6.7) s=+0.00  mc=8.1
  H1 trigger  t=1167560552.371  newsnr=5.25  m=(30.6,24.4) s=+0.00  mc=23.8
  H1 trigger  t=1167560555.860  newsnr=5.12  m=(80.0,20.0) s=+0.00  mc=33.3
  H1 trigger  t=1167560558.548  newsnr=5.05  m=(33.8,11.2) s=+0.00  mc=16.5
  H1 trigger  t=1167560568.921  newsnr=5.18  m=(52.0,13.0) s=+0.00  mc=21.6
  H1 trigger  t=1167560577.278  newsnr=5.05  m=(16.0,4.0) s=+0.00  mc=6.7
  H1 trigger  t=1167560592.932  newsnr=5.14  m=(9.6,2.4) s=+0.00  mc=4.0
  H1 trigger  t=1167560595.138  newsnr=5.22  m=(27.5,27.5) s=+0.00  mc=23.9
  H1 trigger  t=1167560609.396  newsnr=5.00  m=(22.5,22.5) s=+0.00  mc=19.6
  H1 trigger  t=1167560610.914  newsnr=5.22  m=(10.0,10.0) s=+0.00  mc=8.7
  H1 trigger  t=1167560616.295  newsnr=5.61  m=(24.0,6.0) s=+0.00  mc=10.0
  H1 trigger  t=1167560629.943  newsnr=6.26  m=(36.7,18.3) s=+0.00  mc=22.3
  H1 trigger  t=1167560635.330  newsnr=5.24  m=(13.3,6.7) s=+0.00  mc=8.1
  L1 trigger  t=1167556617.088  newsnr=5.05  m=(9.6,2.4) s=+0.00  mc=4.0
  L1 trigger  t=1167556637.222  newsnr=5.25  m=(51.0,34.0) s=+0.00  mc=36.1
  L1 trigger  t=1167556640.603  newsnr=5.00  m=(50.0,50.0) s=+0.00  mc=43.5
  L1 trigger  t=1167556646.738  newsnr=5.15  m=(12.0,8.0) s=+0.00  mc=8.5
  L1 trigger  t=1167556647.791  newsnr=5.12  m=(9.6,2.4) s=+0.00  mc=4.0
  L1 trigger  t=1167556649.888  newsnr=5.19  m=(16.0,4.0) s=+0.00  mc=6.7
  L1 trigger  t=1167556651.943  newsnr=5.15  m=(48.8,16.2) s=+0.00  mc=23.8
  L1 trigger  t=1167556657.166  newsnr=5.34  m=(52.0,13.0) s=+0.00  mc=21.6
  L1 trigger  t=1167556664.979  newsnr=5.24  m=(43.2,28.8) s=+0.00  mc=30.6
  L1 trigger  t=1167556668.314  newsnr=5.38  m=(6.0,6.0) s=+0.00  mc=5.2
  L1 trigger  t=1167556672.897  newsnr=5.17  m=(8.0,4.0) s=+0.00  mc=4.9
  L1 trigger  t=1167556680.303  newsnr=5.08  m=(12.0,8.0) s=+0.00  mc=8.5
  L1 trigger  t=1167556691.852  newsnr=5.22  m=(18.0,12.0) s=+0.00  mc=12.7
  L1 trigger  t=1167556710.767  newsnr=6.05  m=(30.0,15.0) s=+0.00  mc=18.3
  L1 trigger  t=1167556714.247  newsnr=5.34  m=(54.0,18.0) s=+0.00  mc=26.4
  L1 trigger  t=1167556715.998  newsnr=5.18  m=(6.7,5.3) s=+0.00  mc=5.2
  L1 trigger  t=1167556717.064  newsnr=5.35  m=(10.0,10.0) s=+0.00  mc=8.7
  L1 trigger  t=1167556721.800  newsnr=5.08  m=(27.5,27.5) s=+0.00  mc=23.9
  L1 trigger  t=1167556766.916  newsnr=5.31  m=(41.2,13.8) s=+0.00  mc=20.1
  L1 trigger  t=1167556772.516  newsnr=5.20  m=(44.0,11.0) s=+0.00  mc=18.3
  L1 trigger  t=1167556777.254  newsnr=5.40  m=(32.5,32.5) s=+0.00  mc=28.3
  L1 trigger  t=1167556780.155  newsnr=5.69  m=(13.3,6.7) s=+0.00  mc=8.1
  L1 trigger  t=1167556781.750  newsnr=5.17  m=(30.0,15.0) s=+0.00  mc=18.3
  L1 trigger  t=1167556782.856  newsnr=5.13  m=(15.0,5.0) s=+0.00  mc=7.3
  L1 trigger  t=1167556788.031  newsnr=5.07  m=(9.0,3.0) s=+0.00  mc=4.4
  L1 trigger  t=1167556790.286  newsnr=5.09  m=(13.3,6.7) s=+0.00  mc=8.1
  L1 trigger  t=1167556806.217  newsnr=5.36  m=(16.7,13.3) s=+0.00  mc=13.0
  L1 trigger  t=1167556821.398  newsnr=5.42  m=(16.0,4.0) s=+0.00  mc=6.7
  L1 trigger  t=1167556830.342  newsnr=5.18  m=(25.0,20.0) s=+0.00  mc=19.4
  L1 trigger  t=1167556833.516  newsnr=5.43  m=(24.0,6.0) s=+0.00  mc=10.0
  L1 trigger  t=1167556840.491  newsnr=5.84  m=(16.0,4.0) s=+0.00  mc=6.7
  L1 trigger  t=1167556844.949  newsnr=5.34  m=(15.0,15.0) s=+0.00  mc=13.1
  L1 trigger  t=1167556853.535  newsnr=5.14  m=(43.3,21.7) s=+0.00  mc=26.4
  L1 trigger  t=1167556872.846  newsnr=5.01  m=(8.0,4.0) s=+0.00  mc=4.9
  L1 trigger  t=1167556874.167  newsnr=5.15  m=(9.0,3.0) s=+0.00  mc=4.4
  L1 trigger  t=1167556876.638  newsnr=5.13  m=(68.0,17.0) s=+0.00  mc=28.3
  L1 trigger  t=1167556878.368  newsnr=5.68  m=(30.6,24.4) s=+0.00  mc=23.8
  L1 trigger  t=1167556882.113  newsnr=5.04  m=(9.6,2.4) s=+0.00  mc=4.0
  L1 trigger  t=1167556884.283  newsnr=5.53  m=(20.0,10.0) s=+0.00  mc=12.2
  L1 trigger  t=1167556902.176  newsnr=5.09  m=(40.0,32.0) s=+0.00  mc=31.1
  L1 trigger  t=1167556913.224  newsnr=5.02  m=(7.2,4.8) s=+0.00  mc=5.1
  L1 trigger  t=1167556915.925  newsnr=5.07  m=(68.0,17.0) s=+0.00  mc=28.3
  L1 trigger  t=1167556918.934  newsnr=5.31  m=(22.5,7.5) s=+0.00  mc=11.0
  L1 trigger  t=1167556926.638  newsnr=5.01  m=(48.8,16.2) s=+0.00  mc=23.8
  L1 trigger  t=1167556929.928  newsnr=5.20  m=(30.0,15.0) s=+0.00  mc=18.3
  L1 trigger  t=1167556932.449  newsnr=5.39  m=(8.0,4.0) s=+0.00  mc=4.9
  L1 trigger  t=1167556937.471  newsnr=5.03  m=(27.5,27.5) s=+0.00  mc=23.9
  L1 trigger  t=1167556939.142  newsnr=5.09  m=(11.1,8.9) s=+0.00  mc=8.6
  L1 trigger  t=1167556946.145  newsnr=5.45  m=(55.6,44.4) s=+0.00  mc=43.2
  L1 trigger  t=1167556957.994  newsnr=5.33  m=(13.3,6.7) s=+0.00  mc=8.1
  L1 trigger  t=1167556960.549  newsnr=5.51  m=(54.0,18.0) s=+0.00  mc=26.4
  L1 trigger  t=1167556964.780  newsnr=5.03  m=(9.0,3.0) s=+0.00  mc=4.4
  L1 trigger  t=1167556969.297  newsnr=5.19  m=(18.0,12.0) s=+0.00  mc=12.7
  L1 trigger  t=1167556971.792  newsnr=5.19  m=(7.2,4.8) s=+0.00  mc=5.1
  L1 trigger  t=1167556979.275  newsnr=5.26  m=(6.7,5.3) s=+0.00  mc=5.2
  L1 trigger  t=1167556982.061  newsnr=5.44  m=(7.2,4.8) s=+0.00  mc=5.1
  L1 trigger  t=1167557006.103  newsnr=5.22  m=(30.6,24.4) s=+0.00  mc=23.8
  L1 trigger  t=1167557009.577  newsnr=5.13  m=(22.5,7.5) s=+0.00  mc=11.0
  L1 trigger  t=1167557014.060  newsnr=5.02  m=(9.0,3.0) s=+0.00  mc=4.4
  L1 trigger  t=1167557015.145  newsnr=5.51  m=(22.5,7.5) s=+0.00  mc=11.0
  L1 trigger  t=1167557016.382  newsnr=5.35  m=(7.2,4.8) s=+0.00  mc=5.1
  L1 trigger  t=1167557018.846  newsnr=5.44  m=(33.0,22.0) s=+0.00  mc=23.4
  L1 trigger  t=1167557031.812  newsnr=5.15  m=(16.7,13.3) s=+0.00  mc=13.0
  L1 trigger  t=1167557064.001  newsnr=5.45  m=(15.0,5.0) s=+0.00  mc=7.3
  L1 trigger  t=1167557066.439  newsnr=5.14  m=(33.0,22.0) s=+0.00  mc=23.4
  L1 trigger  t=1167557068.537  newsnr=5.39  m=(20.0,10.0) s=+0.00  mc=12.2
  L1 trigger  t=1167557070.869  newsnr=5.26  m=(52.0,13.0) s=+0.00  mc=21.6
  L1 trigger  t=1167557072.840  newsnr=5.12  m=(6.7,5.3) s=+0.00  mc=5.2
  L1 trigger  t=1167557075.884  newsnr=5.39  m=(20.0,10.0) s=+0.00  mc=12.2
  L1 trigger  t=1167557093.110  newsnr=5.21  m=(11.1,8.9) s=+0.00  mc=8.6
  L1 trigger  t=1167557116.489  newsnr=5.05  m=(44.0,11.0) s=+0.00  mc=18.3
  L1 trigger  t=1167557118.464  newsnr=5.02  m=(33.8,11.2) s=+0.00  mc=16.5
  L1 trigger  t=1167557125.395  newsnr=5.37  m=(13.3,6.7) s=+0.00  mc=8.1
  L1 trigger  t=1167557127.229  newsnr=5.06  m=(25.0,20.0) s=+0.00  mc=19.4
  L1 trigger  t=1167557136.597  newsnr=5.08  m=(12.0,8.0) s=+0.00  mc=8.5
  L1 trigger  t=1167557153.476  newsnr=5.35  m=(27.0,18.0) s=+0.00  mc=19.1
  L1 trigger  t=1167557154.597  newsnr=5.06  m=(15.0,5.0) s=+0.00  mc=7.3
  L1 trigger  t=1167557156.289  newsnr=5.32  m=(16.7,13.3) s=+0.00  mc=13.0
  L1 trigger  t=1167557158.218  newsnr=5.20  m=(36.0,9.0) s=+0.00  mc=15.0
  L1 trigger  t=1167557167.455  newsnr=5.07  m=(36.0,36.0) s=+0.00  mc=31.3
  L1 trigger  t=1167557174.435  newsnr=5.54  m=(8.0,4.0) s=+0.00  mc=4.9
  L1 trigger  t=1167557195.994  newsnr=5.04  m=(56.7,28.3) s=+0.00  mc=34.5
  L1 trigger  t=1167557198.988  newsnr=5.11  m=(33.8,11.2) s=+0.00  mc=16.5
  L1 trigger  t=1167557202.499  newsnr=5.37  m=(30.6,24.4) s=+0.00  mc=23.8
  L1 trigger  t=1167557213.885  newsnr=5.03  m=(51.0,34.0) s=+0.00  mc=36.1
  L1 trigger  t=1167557217.884  newsnr=5.88  m=(20.0,10.0) s=+0.00  mc=12.2
  L1 trigger  t=1167557220.010  newsnr=5.24  m=(7.2,4.8) s=+0.00  mc=5.1
  L1 trigger  t=1167557229.421  newsnr=5.79  m=(75.0,25.0) s=+0.00  mc=36.6
  L1 trigger  t=1167557232.715  newsnr=5.01  m=(6.7,5.3) s=+0.00  mc=5.2
  L1 trigger  t=1167557248.420  newsnr=5.05  m=(44.0,11.0) s=+0.00  mc=18.3
  L1 trigger  t=1167557272.955  newsnr=5.56  m=(11.1,8.9) s=+0.00  mc=8.6
  L1 trigger  t=1167557276.702  newsnr=5.25  m=(48.0,24.0) s=+0.00  mc=29.2
  L1 trigger  t=1167557278.507  newsnr=5.41  m=(22.5,22.5) s=+0.00  mc=19.6
  L1 trigger  t=1167557284.269  newsnr=6.09  m=(9.0,3.0) s=+0.00  mc=4.4
  L1 trigger  t=1167557290.086  newsnr=5.22  m=(15.0,15.0) s=+0.00  mc=13.1
  L1 trigger  t=1167557301.032  newsnr=5.43  m=(6.0,6.0) s=+0.00  mc=5.2
  L1 trigger  t=1167557305.602  newsnr=5.01  m=(48.8,16.2) s=+0.00  mc=23.8
  L1 trigger  t=1167557306.711  newsnr=5.18  m=(8.0,4.0) s=+0.00  mc=4.9
  L1 trigger  t=1167557308.965  newsnr=5.03  m=(22.5,7.5) s=+0.00  mc=11.0
  L1 trigger  t=1167557313.780  newsnr=5.33  m=(36.1,28.9) s=+0.00  mc=28.1
  L1 trigger  t=1167557318.623  newsnr=5.28  m=(9.0,3.0) s=+0.00  mc=4.4
  L1 trigger  t=1167557321.101  newsnr=5.32  m=(32.5,32.5) s=+0.00  mc=28.3
  L1 trigger  t=1167557327.120  newsnr=5.38  m=(16.7,13.3) s=+0.00  mc=13.0
  L1 trigger  t=1167557340.318  newsnr=5.03  m=(22.5,7.5) s=+0.00  mc=11.0
  L1 trigger  t=1167557346.739  newsnr=5.14  m=(48.0,24.0) s=+0.00  mc=29.2
  L1 trigger  t=1167557348.493  newsnr=5.07  m=(54.0,18.0) s=+0.00  mc=26.4
  L1 trigger  t=1167557359.968  newsnr=5.04  m=(15.0,5.0) s=+0.00  mc=7.3
  L1 trigger  t=1167557363.779  newsnr=5.20  m=(13.3,6.7) s=+0.00  mc=8.1
  L1 trigger  t=1167557366.940  newsnr=5.05  m=(15.0,15.0) s=+0.00  mc=13.1
  L1 trigger  t=1167557387.170  newsnr=5.35  m=(9.0,3.0) s=+0.00  mc=4.4
  L1 trigger  t=1167557393.569  newsnr=5.20  m=(75.0,25.0) s=+0.00  mc=36.6
  L1 trigger  t=1167557403.913  newsnr=5.26  m=(22.5,7.5) s=+0.00  mc=11.0
  L1 trigger  t=1167557444.911  newsnr=5.24  m=(22.5,7.5) s=+0.00  mc=11.0
  L1 trigger  t=1167557446.611  newsnr=5.31  m=(54.0,18.0) s=+0.00  mc=26.4
  L1 trigger  t=1167557448.802  newsnr=5.54  m=(27.5,27.5) s=+0.00  mc=23.9
  L1 trigger  t=1167557449.915  newsnr=5.04  m=(43.2,28.8) s=+0.00  mc=30.6
  L1 trigger  t=1167557451.071  newsnr=5.38  m=(33.8,11.2) s=+0.00  mc=16.5
  L1 trigger  t=1167557454.210  newsnr=5.21  m=(33.0,22.0) s=+0.00  mc=23.4
  L1 trigger  t=1167557457.116  newsnr=5.15  m=(8.0,4.0) s=+0.00  mc=4.9
  L1 trigger  t=1167557461.935  newsnr=5.12  m=(16.0,4.0) s=+0.00  mc=6.7
  L1 trigger  t=1167557463.165  newsnr=5.04  m=(24.0,6.0) s=+0.00  mc=10.0
  L1 trigger  t=1167557469.544  newsnr=5.07  m=(41.2,13.8) s=+0.00  mc=20.1
  L1 trigger  t=1167557474.952  newsnr=5.01  m=(9.0,3.0) s=+0.00  mc=4.4
  L1 trigger  t=1167557494.045  newsnr=5.20  m=(20.0,10.0) s=+0.00  mc=12.2
  L1 trigger  t=1167557495.080  newsnr=5.69  m=(41.2,13.8) s=+0.00  mc=20.1
  L1 trigger  t=1167557496.495  newsnr=5.16  m=(54.0,18.0) s=+0.00  mc=26.4
  L1 trigger  t=1167557510.598  newsnr=5.48  m=(15.0,15.0) s=+0.00  mc=13.1
  L1 trigger  t=1167557511.649  newsnr=5.04  m=(33.8,11.2) s=+0.00  mc=16.5
  L1 trigger  t=1167557516.552  newsnr=5.15  m=(22.5,7.5) s=+0.00  mc=11.0
  L1 trigger  t=1167557520.608  newsnr=5.23  m=(18.0,12.0) s=+0.00  mc=12.7
  L1 trigger  t=1167557522.290  newsnr=5.27  m=(30.0,15.0) s=+0.00  mc=18.3
  L1 trigger  t=1167557529.439  newsnr=5.26  m=(44.0,11.0) s=+0.00  mc=18.3
  L1 trigger  t=1167557535.320  newsnr=5.81  m=(15.0,15.0) s=+0.00  mc=13.1
  L1 trigger  t=1167557538.023  newsnr=5.78  m=(8.0,4.0) s=+0.00  mc=4.9
  L1 trigger  t=1167557555.114  newsnr=5.04  m=(30.0,15.0) s=+0.00  mc=18.3
  L1 trigger  t=1167557562.347  newsnr=5.06  m=(33.0,22.0) s=+0.00  mc=23.4
  L1 trigger  t=1167557567.332  newsnr=5.34  m=(36.0,36.0) s=+0.00  mc=31.3
  L1 trigger  t=1167557571.988  newsnr=5.22  m=(6.0,6.0) s=+0.00  mc=5.2
  L1 trigger  t=1167557573.072  newsnr=5.31  m=(18.0,12.0) s=+0.00  mc=12.7
  L1 trigger  t=1167557575.464  newsnr=5.33  m=(43.2,28.8) s=+0.00  mc=30.6
  L1 trigger  t=1167557578.172  newsnr=5.56  m=(7.2,4.8) s=+0.00  mc=5.1
  L1 trigger  t=1167557603.803  newsnr=5.39  m=(22.5,22.5) s=+0.00  mc=19.6
  L1 trigger  t=1167557605.051  newsnr=5.12  m=(36.0,9.0) s=+0.00  mc=15.0
  L1 trigger  t=1167557606.075  newsnr=5.13  m=(18.0,12.0) s=+0.00  mc=12.7
  L1 trigger  t=1167557611.168  newsnr=5.59  m=(16.0,4.0) s=+0.00  mc=6.7
  L1 trigger  t=1167557624.406  newsnr=5.16  m=(6.7,5.3) s=+0.00  mc=5.2
  L1 trigger  t=1167557639.915  newsnr=5.39  m=(24.0,6.0) s=+0.00  mc=10.0
  L1 trigger  t=1167557653.365  newsnr=5.43  m=(48.8,16.2) s=+0.00  mc=23.8
  L1 trigger  t=1167557662.231  newsnr=5.05  m=(50.0,50.0) s=+0.00  mc=43.5
  L1 trigger  t=1167557664.801  newsnr=5.15  m=(12.0,8.0) s=+0.00  mc=8.5
  L1 trigger  t=1167557666.165  newsnr=5.11  m=(10.0,10.0) s=+0.00  mc=8.7
  L1 trigger  t=1167557669.874  newsnr=5.21  m=(9.0,3.0) s=+0.00  mc=4.4
  L1 trigger  t=1167557676.528  newsnr=5.09  m=(22.5,22.5) s=+0.00  mc=19.6
  L1 trigger  t=1167557683.359  newsnr=5.85  m=(18.0,12.0) s=+0.00  mc=12.7
  L1 trigger  t=1167557686.554  newsnr=5.96  m=(40.0,32.0) s=+0.00  mc=31.1
  L1 trigger  t=1167557691.334  newsnr=5.45  m=(9.6,2.4) s=+0.00  mc=4.0
  L1 trigger  t=1167557692.840  newsnr=5.05  m=(20.0,10.0) s=+0.00  mc=12.2
  L1 trigger  t=1167557698.151  newsnr=5.03  m=(9.0,3.0) s=+0.00  mc=4.4
  L1 trigger  t=1167557699.254  newsnr=5.02  m=(47.2,37.8) s=+0.00  mc=36.7
  L1 trigger  t=1167557705.302  newsnr=5.33  m=(32.5,32.5) s=+0.00  mc=28.3
  L1 trigger  t=1167557737.325  newsnr=5.41  m=(36.0,36.0) s=+0.00  mc=31.3
  L1 trigger  t=1167557741.721  newsnr=5.39  m=(13.3,6.7) s=+0.00  mc=8.1
  L1 trigger  t=1167557746.138  newsnr=5.06  m=(51.0,34.0) s=+0.00  mc=36.1
  L1 trigger  t=1167557747.917  newsnr=5.40  m=(47.2,37.8) s=+0.00  mc=36.7
  L1 trigger  t=1167557749.282  newsnr=5.03  m=(7.2,4.8) s=+0.00  mc=5.1
  L1 trigger  t=1167557762.411  newsnr=5.36  m=(12.0,8.0) s=+0.00  mc=8.5
  L1 trigger  t=1167557766.792  newsnr=5.11  m=(41.2,13.8) s=+0.00  mc=20.1
  L1 trigger  t=1167557769.260  newsnr=5.25  m=(43.2,28.8) s=+0.00  mc=30.6
  L1 trigger  t=1167557772.068  newsnr=5.47  m=(18.0,12.0) s=+0.00  mc=12.7
  L1 trigger  t=1167557780.900  newsnr=5.50  m=(24.0,6.0) s=+0.00  mc=10.0
  L1 trigger  t=1167557784.531  newsnr=5.03  m=(48.0,24.0) s=+0.00  mc=29.2
  L1 trigger  t=1167557788.856  newsnr=5.18  m=(48.0,24.0) s=+0.00  mc=29.2
  L1 trigger  t=1167557797.649  newsnr=5.25  m=(22.5,7.5) s=+0.00  mc=11.0
  L1 trigger  t=1167557801.492  newsnr=6.21  m=(30.0,15.0) s=+0.00  mc=18.3
  L1 trigger  t=1167557803.557  newsnr=5.25  m=(6.7,5.3) s=+0.00  mc=5.2
  L1 trigger  t=1167557811.880  newsnr=5.14  m=(6.7,5.3) s=+0.00  mc=5.2
  L1 trigger  t=1167557813.746  newsnr=5.35  m=(43.2,28.8) s=+0.00  mc=30.6
  L1 trigger  t=1167557833.915  newsnr=5.10  m=(11.1,8.9) s=+0.00  mc=8.6
  L1 trigger  t=1167557835.652  newsnr=5.46  m=(36.0,9.0) s=+0.00  mc=15.0
  L1 trigger  t=1167557839.001  newsnr=5.43  m=(16.0,4.0) s=+0.00  mc=6.7
  L1 trigger  t=1167557846.107  newsnr=5.50  m=(33.8,11.2) s=+0.00  mc=16.5
  L1 trigger  t=1167557851.596  newsnr=5.19  m=(27.5,27.5) s=+0.00  mc=23.9
  L1 trigger  t=1167557859.631  newsnr=5.28  m=(22.5,7.5) s=+0.00  mc=11.0
  L1 trigger  t=1167557873.404  newsnr=5.09  m=(36.7,18.3) s=+0.00  mc=22.3
  L1 trigger  t=1167557879.717  newsnr=5.21  m=(20.0,10.0) s=+0.00  mc=12.2
  L1 trigger  t=1167557883.161  newsnr=5.11  m=(44.0,11.0) s=+0.00  mc=18.3
  L1 trigger  t=1167557889.073  newsnr=5.02  m=(57.6,14.4) s=+0.00  mc=24.0
  L1 trigger  t=1167557893.996  newsnr=5.20  m=(75.0,25.0) s=+0.00  mc=36.6
  L1 trigger  t=1167557906.660  newsnr=5.46  m=(44.0,11.0) s=+0.00  mc=18.3
  L1 trigger  t=1167557908.048  newsnr=5.23  m=(22.5,22.5) s=+0.00  mc=19.6
  L1 trigger  t=1167557914.472  newsnr=5.12  m=(54.0,18.0) s=+0.00  mc=26.4
  L1 trigger  t=1167557927.243  newsnr=5.08  m=(22.5,7.5) s=+0.00  mc=11.0
  L1 trigger  t=1167557932.806  newsnr=5.45  m=(36.7,18.3) s=+0.00  mc=22.3
  L1 trigger  t=1167557951.268  newsnr=5.07  m=(11.1,8.9) s=+0.00  mc=8.6
  L1 trigger  t=1167557959.504  newsnr=5.26  m=(12.0,8.0) s=+0.00  mc=8.5
  L1 trigger  t=1167557961.262  newsnr=5.99  m=(22.5,22.5) s=+0.00  mc=19.6
  L1 trigger  t=1167557964.630  newsnr=5.98  m=(40.0,32.0) s=+0.00  mc=31.1
  L1 trigger  t=1167557968.896  newsnr=5.09  m=(54.0,18.0) s=+0.00  mc=26.4
  L1 trigger  t=1167557974.181  newsnr=5.22  m=(48.8,16.2) s=+0.00  mc=23.8
  L1 trigger  t=1167557978.042  newsnr=5.38  m=(10.0,10.0) s=+0.00  mc=8.7
  L1 trigger  t=1167557991.808  newsnr=5.08  m=(20.0,10.0) s=+0.00  mc=12.2
  L1 trigger  t=1167557994.188  newsnr=5.26  m=(6.0,6.0) s=+0.00  mc=5.2
  L1 trigger  t=1167557999.640  newsnr=5.30  m=(6.0,6.0) s=+0.00  mc=5.2
  L1 trigger  t=1167558028.546  newsnr=5.65  m=(51.0,34.0) s=+0.00  mc=36.1
  L1 trigger  t=1167558030.094  newsnr=5.05  m=(25.0,20.0) s=+0.00  mc=19.4
  L1 trigger  t=1167558034.568  newsnr=5.05  m=(36.0,36.0) s=+0.00  mc=31.3
  L1 trigger  t=1167558039.760  newsnr=5.54  m=(12.0,8.0) s=+0.00  mc=8.5
  L1 trigger  t=1167558040.921  newsnr=5.66  m=(10.0,10.0) s=+0.00  mc=8.7
  L1 trigger  t=1167558056.646  newsnr=5.08  m=(9.6,2.4) s=+0.00  mc=4.0
  L1 trigger  t=1167558058.400  newsnr=5.16  m=(22.5,7.5) s=+0.00  mc=11.0
  L1 trigger  t=1167558073.431  newsnr=5.15  m=(12.0,8.0) s=+0.00  mc=8.5
  L1 trigger  t=1167558074.961  newsnr=5.46  m=(48.0,24.0) s=+0.00  mc=29.2
  L1 trigger  t=1167558083.329  newsnr=5.31  m=(22.5,7.5) s=+0.00  mc=11.0
  L1 trigger  t=1167558088.990  newsnr=5.25  m=(22.5,22.5) s=+0.00  mc=19.6
  L1 trigger  t=1167558090.715  newsnr=5.08  m=(9.0,3.0) s=+0.00  mc=4.4
  L1 trigger  t=1167558095.604  newsnr=5.02  m=(12.0,8.0) s=+0.00  mc=8.5
  L1 trigger  t=1167558102.401  newsnr=5.04  m=(16.0,4.0) s=+0.00  mc=6.7
  L1 trigger  t=1167558104.136  newsnr=5.15  m=(7.2,4.8) s=+0.00  mc=5.1
  L1 trigger  t=1167558107.242  newsnr=5.21  m=(30.6,24.4) s=+0.00  mc=23.8
  L1 trigger  t=1167558109.967  newsnr=5.08  m=(24.0,6.0) s=+0.00  mc=10.0
  L1 trigger  t=1167558111.415  newsnr=5.08  m=(12.0,8.0) s=+0.00  mc=8.5
  L1 trigger  t=1167558116.641  newsnr=5.39  m=(20.0,10.0) s=+0.00  mc=12.2
  L1 trigger  t=1167558127.524  newsnr=5.21  m=(30.0,15.0) s=+0.00  mc=18.3
  L1 trigger  t=1167558130.567  newsnr=5.09  m=(44.0,11.0) s=+0.00  mc=18.3
  L1 trigger  t=1167558134.374  newsnr=5.06  m=(9.0,3.0) s=+0.00  mc=4.4
  L1 trigger  t=1167558139.095  newsnr=5.23  m=(57.6,14.4) s=+0.00  mc=24.0
  L1 trigger  t=1167558155.485  newsnr=5.65  m=(44.0,11.0) s=+0.00  mc=18.3
  L1 trigger  t=1167558158.198  newsnr=5.04  m=(43.3,21.7) s=+0.00  mc=26.4
  L1 trigger  t=1167558165.954  newsnr=5.53  m=(15.0,15.0) s=+0.00  mc=13.1
  L1 trigger  t=1167558171.785  newsnr=5.05  m=(18.0,12.0) s=+0.00  mc=12.7
  L1 trigger  t=1167558179.973  newsnr=5.18  m=(57.6,14.4) s=+0.00  mc=24.0
  L1 trigger  t=1167558182.528  newsnr=5.11  m=(6.7,5.3) s=+0.00  mc=5.2
  L1 trigger  t=1167558187.106  newsnr=5.38  m=(9.0,3.0) s=+0.00  mc=4.4
  L1 trigger  t=1167558189.187  newsnr=5.20  m=(13.3,6.7) s=+0.00  mc=8.1
  L1 trigger  t=1167558190.351  newsnr=5.34  m=(80.0,20.0) s=+0.00  mc=33.3
  L1 trigger  t=1167558192.049  newsnr=5.13  m=(16.7,13.3) s=+0.00  mc=13.0
  L1 trigger  t=1167558195.773  newsnr=5.79  m=(9.0,3.0) s=+0.00  mc=4.4
  L1 trigger  t=1167558198.558  newsnr=5.42  m=(48.8,16.2) s=+0.00  mc=23.8
  L1 trigger  t=1167558206.203  newsnr=5.49  m=(12.0,8.0) s=+0.00  mc=8.5
  L1 trigger  t=1167558211.877  newsnr=5.69  m=(18.0,12.0) s=+0.00  mc=12.7
  L1 trigger  t=1167558235.428  newsnr=5.09  m=(24.0,6.0) s=+0.00  mc=10.0
  L1 trigger  t=1167558239.072  newsnr=5.10  m=(22.5,22.5) s=+0.00  mc=19.6
  L1 trigger  t=1167558257.806  newsnr=5.68  m=(24.0,6.0) s=+0.00  mc=10.0
  L1 trigger  t=1167558261.445  newsnr=5.08  m=(13.3,6.7) s=+0.00  mc=8.1
  L1 trigger  t=1167558266.910  newsnr=5.58  m=(13.3,6.7) s=+0.00  mc=8.1
  L1 trigger  t=1167558270.304  newsnr=5.51  m=(9.6,2.4) s=+0.00  mc=4.0
  L1 trigger  t=1167558281.262  newsnr=5.25  m=(63.8,21.2) s=+0.00  mc=31.1
  L1 trigger  t=1167558290.403  newsnr=5.07  m=(18.0,12.0) s=+0.00  mc=12.7
  L1 trigger  t=1167558292.883  newsnr=5.34  m=(6.0,6.0) s=+0.00  mc=5.2
  L1 trigger  t=1167558296.285  newsnr=5.12  m=(50.0,50.0) s=+0.00  mc=43.5
  L1 trigger  t=1167558308.095  newsnr=5.24  m=(48.8,16.2) s=+0.00  mc=23.8
  L1 trigger  t=1167558318.058  newsnr=5.37  m=(9.0,3.0) s=+0.00  mc=4.4
  L1 trigger  t=1167558320.704  newsnr=5.39  m=(41.2,13.8) s=+0.00  mc=20.1
  L1 trigger  t=1167558326.995  newsnr=5.34  m=(60.0,40.0) s=+0.00  mc=42.5
  L1 trigger  t=1167558328.208  newsnr=5.09  m=(6.7,5.3) s=+0.00  mc=5.2
  L1 trigger  t=1167558337.835  newsnr=5.45  m=(44.0,11.0) s=+0.00  mc=18.3
  L1 trigger  t=1167558341.299  newsnr=5.43  m=(6.7,5.3) s=+0.00  mc=5.2
  L1 trigger  t=1167558353.172  newsnr=5.16  m=(6.0,6.0) s=+0.00  mc=5.2
  L1 trigger  t=1167558355.546  newsnr=5.14  m=(15.0,5.0) s=+0.00  mc=7.3
  L1 trigger  t=1167558363.669  newsnr=5.06  m=(16.0,4.0) s=+0.00  mc=6.7
  L1 trigger  t=1167558369.081  newsnr=5.01  m=(27.0,18.0) s=+0.00  mc=19.1
  L1 trigger  t=1167558375.248  newsnr=5.31  m=(10.0,10.0) s=+0.00  mc=8.7
  L1 trigger  t=1167558377.709  newsnr=5.11  m=(36.0,9.0) s=+0.00  mc=15.0
  L1 trigger  t=1167558379.837  newsnr=5.39  m=(32.5,32.5) s=+0.00  mc=28.3
  L1 trigger  t=1167558382.956  newsnr=5.30  m=(16.0,4.0) s=+0.00  mc=6.7
  L1 trigger  t=1167558385.906  newsnr=5.41  m=(50.0,50.0) s=+0.00  mc=43.5
  L1 trigger  t=1167558387.320  newsnr=5.33  m=(24.0,6.0) s=+0.00  mc=10.0
  L1 trigger  t=1167558393.040  newsnr=5.09  m=(30.0,15.0) s=+0.00  mc=18.3
  L1 trigger  t=1167558397.967  newsnr=5.19  m=(25.0,20.0) s=+0.00  mc=19.4
  L1 trigger  t=1167558406.094  newsnr=5.53  m=(7.2,4.8) s=+0.00  mc=5.1
  L1 trigger  t=1167558411.294  newsnr=5.66  m=(27.5,27.5) s=+0.00  mc=23.9
  L1 trigger  t=1167558412.419  newsnr=5.61  m=(39.0,26.0) s=+0.00  mc=27.6
  L1 trigger  t=1167558414.899  newsnr=5.42  m=(9.6,2.4) s=+0.00  mc=4.0
  L1 trigger  t=1167558435.553  newsnr=5.00  m=(10.0,10.0) s=+0.00  mc=8.7
  L1 trigger  t=1167558436.967  newsnr=6.14  m=(6.0,6.0) s=+0.00  mc=5.2
  L1 trigger  t=1167558437.985  newsnr=5.18  m=(18.0,12.0) s=+0.00  mc=12.7
  L1 trigger  t=1167558440.431  newsnr=5.06  m=(7.2,4.8) s=+0.00  mc=5.1
  L1 trigger  t=1167558441.817  newsnr=5.08  m=(43.3,21.7) s=+0.00  mc=26.4
  L1 trigger  t=1167558444.268  newsnr=5.08  m=(33.8,11.2) s=+0.00  mc=16.5
  L1 trigger  t=1167558446.695  newsnr=5.22  m=(15.0,5.0) s=+0.00  mc=7.3
  L1 trigger  t=1167558454.181  newsnr=5.05  m=(48.8,16.2) s=+0.00  mc=23.8
  L1 trigger  t=1167558458.131  newsnr=5.05  m=(22.5,22.5) s=+0.00  mc=19.6
  L1 trigger  t=1167558459.783  newsnr=5.11  m=(15.0,5.0) s=+0.00  mc=7.3
  L1 trigger  t=1167558462.542  newsnr=5.23  m=(6.7,5.3) s=+0.00  mc=5.2
  L1 trigger  t=1167558474.323  newsnr=5.46  m=(30.0,15.0) s=+0.00  mc=18.3
  L1 trigger  t=1167558477.875  newsnr=5.10  m=(41.2,13.8) s=+0.00  mc=20.1
  L1 trigger  t=1167558481.055  newsnr=5.01  m=(13.3,6.7) s=+0.00  mc=8.1
  L1 trigger  t=1167558483.430  newsnr=5.51  m=(6.0,6.0) s=+0.00  mc=5.2
  L1 trigger  t=1167558514.568  newsnr=5.11  m=(6.7,5.3) s=+0.00  mc=5.2
  L1 trigger  t=1167558524.367  newsnr=5.81  m=(7.2,4.8) s=+0.00  mc=5.1
  L1 trigger  t=1167558530.136  newsnr=5.26  m=(13.3,6.7) s=+0.00  mc=8.1
  L1 trigger  t=1167558532.855  newsnr=6.00  m=(12.0,8.0) s=+0.00  mc=8.5
  L1 trigger  t=1167558534.812  newsnr=5.30  m=(48.0,24.0) s=+0.00  mc=29.2
  L1 trigger  t=1167558538.034  newsnr=5.43  m=(54.0,18.0) s=+0.00  mc=26.4
  L1 trigger  t=1167558546.549  newsnr=5.01  m=(20.0,10.0) s=+0.00  mc=12.2
  L1 trigger  t=1167558570.333  newsnr=5.06  m=(36.7,18.3) s=+0.00  mc=22.3
  L1 trigger  t=1167558589.518  newsnr=5.06  m=(10.0,10.0) s=+0.00  mc=8.7
  L1 trigger  t=1167558594.637  newsnr=5.36  m=(15.0,5.0) s=+0.00  mc=7.3
  L1 trigger  t=1167558604.877  newsnr=5.16  m=(9.0,3.0) s=+0.00  mc=4.4
  L1 trigger  t=1167558617.231  newsnr=5.20  m=(30.0,15.0) s=+0.00  mc=18.3
  L1 trigger  t=1167558627.747  newsnr=5.22  m=(15.0,5.0) s=+0.00  mc=7.3
  L1 trigger  t=1167558633.314  newsnr=5.82  m=(9.0,3.0) s=+0.00  mc=4.4
  L1 trigger  t=1167558634.518  newsnr=5.04  m=(36.7,18.3) s=+0.00  mc=22.3
  L1 trigger  t=1167558635.913  newsnr=5.15  m=(33.0,22.0) s=+0.00  mc=23.4
  L1 trigger  t=1167558638.029  newsnr=5.36  m=(41.2,13.8) s=+0.00  mc=20.1
  L1 trigger  t=1167558640.054  newsnr=5.29  m=(11.1,8.9) s=+0.00  mc=8.6
  L1 trigger  t=1167558645.181  newsnr=5.08  m=(11.1,8.9) s=+0.00  mc=8.6
  L1 trigger  t=1167558653.452  newsnr=5.23  m=(80.0,20.0) s=+0.00  mc=33.3
  L1 trigger  t=1167558671.865  newsnr=5.06  m=(25.0,20.0) s=+0.00  mc=19.4
  L1 trigger  t=1167558676.910  newsnr=5.08  m=(16.7,13.3) s=+0.00  mc=13.0
  L1 trigger  t=1167558688.987  newsnr=5.33  m=(9.0,3.0) s=+0.00  mc=4.4
  L1 trigger  t=1167558690.981  newsnr=5.09  m=(36.7,18.3) s=+0.00  mc=22.3
  L1 trigger  t=1167558694.037  newsnr=5.03  m=(36.7,18.3) s=+0.00  mc=22.3
  L1 trigger  t=1167558697.957  newsnr=5.42  m=(13.3,6.7) s=+0.00  mc=8.1
  L1 trigger  t=1167558703.172  newsnr=5.33  m=(39.0,26.0) s=+0.00  mc=27.6
  L1 trigger  t=1167558706.637  newsnr=5.06  m=(18.0,12.0) s=+0.00  mc=12.7
  L1 trigger  t=1167558723.735  newsnr=5.20  m=(33.8,11.2) s=+0.00  mc=16.5
  L1 trigger  t=1167558727.376  newsnr=5.69  m=(18.0,12.0) s=+0.00  mc=12.7
  L1 trigger  t=1167558728.917  newsnr=5.62  m=(7.2,4.8) s=+0.00  mc=5.1
  L1 trigger  t=1167558755.494  newsnr=5.22  m=(7.2,4.8) s=+0.00  mc=5.1
  L1 trigger  t=1167558756.679  newsnr=5.08  m=(22.5,7.5) s=+0.00  mc=11.0
  L1 trigger  t=1167558761.461  newsnr=5.36  m=(36.7,18.3) s=+0.00  mc=22.3
  L1 trigger  t=1167558765.728  newsnr=5.30  m=(36.0,36.0) s=+0.00  mc=31.3
  L1 trigger  t=1167558769.922  newsnr=5.02  m=(43.2,28.8) s=+0.00  mc=30.6
  L1 trigger  t=1167558775.313  newsnr=5.37  m=(27.5,27.5) s=+0.00  mc=23.9
  L1 trigger  t=1167558776.590  newsnr=5.13  m=(7.2,4.8) s=+0.00  mc=5.1
  L1 trigger  t=1167558778.600  newsnr=5.10  m=(6.0,6.0) s=+0.00  mc=5.2
  L1 trigger  t=1167558782.472  newsnr=5.80  m=(24.0,6.0) s=+0.00  mc=10.0
  L1 trigger  t=1167558787.559  newsnr=5.66  m=(60.0,40.0) s=+0.00  mc=42.5
  L1 trigger  t=1167558791.933  newsnr=5.17  m=(11.1,8.9) s=+0.00  mc=8.6
  L1 trigger  t=1167558796.884  newsnr=6.32  m=(6.0,6.0) s=+0.00  mc=5.2
  L1 trigger  t=1167558797.894  newsnr=5.05  m=(11.1,8.9) s=+0.00  mc=8.6
  L1 trigger  t=1167558799.472  newsnr=5.44  m=(20.0,10.0) s=+0.00  mc=12.2
  L1 trigger  t=1167558802.336  newsnr=5.10  m=(33.8,11.2) s=+0.00  mc=16.5
  L1 trigger  t=1167558809.963  newsnr=5.14  m=(15.0,15.0) s=+0.00  mc=13.1
  L1 trigger  t=1167558817.482  newsnr=5.85  m=(10.0,10.0) s=+0.00  mc=8.7
  L1 trigger  t=1167558824.477  newsnr=5.24  m=(22.5,22.5) s=+0.00  mc=19.6
  L1 trigger  t=1167558842.424  newsnr=5.07  m=(6.7,5.3) s=+0.00  mc=5.2
  L1 trigger  t=1167558849.669  newsnr=5.14  m=(75.0,25.0) s=+0.00  mc=36.6
  L1 trigger  t=1167558856.878  newsnr=5.49  m=(9.0,3.0) s=+0.00  mc=4.4
  L1 trigger  t=1167558858.018  newsnr=5.34  m=(8.0,4.0) s=+0.00  mc=4.9
  L1 trigger  t=1167558864.835  newsnr=5.09  m=(48.0,24.0) s=+0.00  mc=29.2
  L1 trigger  t=1167558868.140  newsnr=5.40  m=(16.0,4.0) s=+0.00  mc=6.7
  L1 trigger  t=1167558880.568  newsnr=5.16  m=(10.0,10.0) s=+0.00  mc=8.7
  L1 trigger  t=1167558886.960  newsnr=5.49  m=(15.0,5.0) s=+0.00  mc=7.3
  L1 trigger  t=1167558890.570  newsnr=5.14  m=(36.0,36.0) s=+0.00  mc=31.3
  L1 trigger  t=1167558893.138  newsnr=5.25  m=(33.8,11.2) s=+0.00  mc=16.5
  L1 trigger  t=1167558901.987  newsnr=5.41  m=(24.0,6.0) s=+0.00  mc=10.0
  L1 trigger  t=1167558903.208  newsnr=5.25  m=(57.6,14.4) s=+0.00  mc=24.0
  L1 trigger  t=1167558918.763  newsnr=5.60  m=(15.0,15.0) s=+0.00  mc=13.1
  L1 trigger  t=1167558947.785  newsnr=5.02  m=(33.8,11.2) s=+0.00  mc=16.5
  L1 trigger  t=1167558949.474  newsnr=5.09  m=(27.0,18.0) s=+0.00  mc=19.1
  L1 trigger  t=1167558956.710  newsnr=5.62  m=(20.0,10.0) s=+0.00  mc=12.2
  L1 trigger  t=1167558957.863  newsnr=5.29  m=(15.0,15.0) s=+0.00  mc=13.1
  L1 trigger  t=1167558960.100  newsnr=5.54  m=(11.1,8.9) s=+0.00  mc=8.6
  L1 trigger  t=1167558961.251  newsnr=5.50  m=(48.8,16.2) s=+0.00  mc=23.8
  L1 trigger  t=1167558971.263  newsnr=5.52  m=(7.2,4.8) s=+0.00  mc=5.1
  L1 trigger  t=1167558974.209  newsnr=5.58  m=(22.5,22.5) s=+0.00  mc=19.6
  L1 trigger  t=1167558978.150  newsnr=5.22  m=(13.3,6.7) s=+0.00  mc=8.1
  L1 trigger  t=1167558992.544  newsnr=5.17  m=(44.0,11.0) s=+0.00  mc=18.3
  L1 trigger  t=1167559005.106  newsnr=5.00  m=(30.0,15.0) s=+0.00  mc=18.3
  L1 trigger  t=1167559011.958  newsnr=5.08  m=(39.0,26.0) s=+0.00  mc=27.6
  L1 trigger  t=1167559015.702  newsnr=5.38  m=(7.2,4.8) s=+0.00  mc=5.1
  L1 trigger  t=1167559017.476  newsnr=5.55  m=(36.1,28.9) s=+0.00  mc=28.1
  L1 trigger  t=1167559045.950  newsnr=5.36  m=(30.0,15.0) s=+0.00  mc=18.3
  L1 trigger  t=1167559051.274  newsnr=5.18  m=(10.0,10.0) s=+0.00  mc=8.7
  L1 trigger  t=1167559066.279  newsnr=5.45  m=(36.7,18.3) s=+0.00  mc=22.3
  L1 trigger  t=1167559070.692  newsnr=5.12  m=(22.5,7.5) s=+0.00  mc=11.0
  L1 trigger  t=1167559072.384  newsnr=5.19  m=(13.3,6.7) s=+0.00  mc=8.1
  L1 trigger  t=1167559076.446  newsnr=5.13  m=(8.0,4.0) s=+0.00  mc=4.9
  L1 trigger  t=1167559084.858  newsnr=5.09  m=(36.0,9.0) s=+0.00  mc=15.0
  L1 trigger  t=1167559106.327  newsnr=5.46  m=(48.8,16.2) s=+0.00  mc=23.8
  L1 trigger  t=1167559120.635  newsnr=5.01  m=(12.0,8.0) s=+0.00  mc=8.5
  L1 trigger  t=1167559133.824  newsnr=5.90  m=(63.8,21.2) s=+0.00  mc=31.1
  L1 trigger  t=1167559141.924  newsnr=5.26  m=(75.0,25.0) s=+0.00  mc=36.6
  L1 trigger  t=1167559146.792  newsnr=5.13  m=(27.5,27.5) s=+0.00  mc=23.9
  L1 trigger  t=1167559152.237  newsnr=5.11  m=(11.1,8.9) s=+0.00  mc=8.6
  L1 trigger  t=1167559155.427  newsnr=5.06  m=(7.2,4.8) s=+0.00  mc=5.1
  L1 trigger  t=1167559157.244  newsnr=5.07  m=(27.0,18.0) s=+0.00  mc=19.1
  L1 trigger  t=1167559159.550  newsnr=5.07  m=(33.8,11.2) s=+0.00  mc=16.5
  L1 trigger  t=1167559163.413  newsnr=5.59  m=(24.0,6.0) s=+0.00  mc=10.0
  L1 trigger  t=1167559174.335  newsnr=5.14  m=(27.0,18.0) s=+0.00  mc=19.1
  L1 trigger  t=1167559189.376  newsnr=5.10  m=(27.5,27.5) s=+0.00  mc=23.9
  L1 trigger  t=1167559191.140  newsnr=5.09  m=(10.0,10.0) s=+0.00  mc=8.7
  L1 trigger  t=1167559193.161  newsnr=5.05  m=(32.5,32.5) s=+0.00  mc=28.3
  L1 trigger  t=1167559213.197  newsnr=5.19  m=(9.0,3.0) s=+0.00  mc=4.4
  L1 trigger  t=1167559222.231  newsnr=5.07  m=(25.0,20.0) s=+0.00  mc=19.4
  L1 trigger  t=1167559225.550  newsnr=5.50  m=(33.0,22.0) s=+0.00  mc=23.4
  L1 trigger  t=1167559226.775  newsnr=5.17  m=(11.1,8.9) s=+0.00  mc=8.6
  L1 trigger  t=1167559238.952  newsnr=5.11  m=(9.6,2.4) s=+0.00  mc=4.0
  L1 trigger  t=1167559242.520  newsnr=5.05  m=(36.7,18.3) s=+0.00  mc=22.3
  L1 trigger  t=1167559257.894  newsnr=5.43  m=(6.0,6.0) s=+0.00  mc=5.2
  L1 trigger  t=1167559262.965  newsnr=5.23  m=(30.0,15.0) s=+0.00  mc=18.3
  L1 trigger  t=1167559269.167  newsnr=5.02  m=(48.8,16.2) s=+0.00  mc=23.8
  L1 trigger  t=1167559270.584  newsnr=5.01  m=(9.6,2.4) s=+0.00  mc=4.0
  L1 trigger  t=1167559272.555  newsnr=5.08  m=(36.7,18.3) s=+0.00  mc=22.3
  L1 trigger  t=1167559276.754  newsnr=5.61  m=(15.0,5.0) s=+0.00  mc=7.3
  L1 trigger  t=1167559277.757  newsnr=5.66  m=(15.0,15.0) s=+0.00  mc=13.1
  L1 trigger  t=1167559279.031  newsnr=5.40  m=(36.7,18.3) s=+0.00  mc=22.3
  L1 trigger  t=1167559289.086  newsnr=5.09  m=(48.8,16.2) s=+0.00  mc=23.8
  L1 trigger  t=1167559295.504  newsnr=5.29  m=(10.0,10.0) s=+0.00  mc=8.7
  L1 trigger  t=1167559299.792  newsnr=5.08  m=(33.8,11.2) s=+0.00  mc=16.5
  L1 trigger  t=1167559311.041  newsnr=5.17  m=(43.3,21.7) s=+0.00  mc=26.4
  L1 trigger  t=1167559314.878  newsnr=5.11  m=(11.1,8.9) s=+0.00  mc=8.6
  L1 trigger  t=1167559341.383  newsnr=5.69  m=(9.0,3.0) s=+0.00  mc=4.4
  L1 trigger  t=1167559342.486  newsnr=5.29  m=(63.8,21.2) s=+0.00  mc=31.1
  L1 trigger  t=1167559385.109  newsnr=5.25  m=(18.0,12.0) s=+0.00  mc=12.7
  L1 trigger  t=1167559387.079  newsnr=5.15  m=(24.0,6.0) s=+0.00  mc=10.0
  L1 trigger  t=1167559389.954  newsnr=5.52  m=(27.5,27.5) s=+0.00  mc=23.9
  L1 trigger  t=1167559396.233  newsnr=5.54  m=(16.0,4.0) s=+0.00  mc=6.7
  L1 trigger  t=1167559415.131  newsnr=5.32  m=(54.0,18.0) s=+0.00  mc=26.4
  L1 trigger  t=1167559417.211  newsnr=5.51  m=(8.0,4.0) s=+0.00  mc=4.9
  L1 trigger  t=1167559418.890  newsnr=5.38  m=(30.6,24.4) s=+0.00  mc=23.8
  L1 trigger  t=1167559424.195  newsnr=5.17  m=(22.5,22.5) s=+0.00  mc=19.6
  L1 trigger  t=1167559433.488  newsnr=5.02  m=(44.0,11.0) s=+0.00  mc=18.3
  L1 trigger  t=1167559435.835  newsnr=5.01  m=(12.0,8.0) s=+0.00  mc=8.5
  L1 trigger  t=1167559437.638  newsnr=5.30  m=(6.0,6.0) s=+0.00  mc=5.2
  L1 trigger  t=1167559457.045  newsnr=5.36  m=(36.0,9.0) s=+0.00  mc=15.0
  L1 trigger  t=1167559459.344  newsnr=5.16  m=(33.0,22.0) s=+0.00  mc=23.4
  L1 trigger  t=1167559465.922  newsnr=5.24  m=(12.0,8.0) s=+0.00  mc=8.5
  L1 trigger  t=1167559478.107  newsnr=5.31  m=(13.3,6.7) s=+0.00  mc=8.1
  L1 trigger  t=1167559482.489  newsnr=5.01  m=(68.0,17.0) s=+0.00  mc=28.3
  L1 trigger  t=1167559485.764  newsnr=5.34  m=(22.5,22.5) s=+0.00  mc=19.6
  L1 trigger  t=1167559496.213  newsnr=5.07  m=(41.2,13.8) s=+0.00  mc=20.1
  L1 trigger  t=1167559509.009  newsnr=5.02  m=(11.1,8.9) s=+0.00  mc=8.6
  L1 trigger  t=1167559515.655  newsnr=5.16  m=(8.0,4.0) s=+0.00  mc=4.9
  L1 trigger  t=1167559525.139  newsnr=5.08  m=(25.0,20.0) s=+0.00  mc=19.4
  L1 trigger  t=1167559536.876  newsnr=5.12  m=(30.0,15.0) s=+0.00  mc=18.3
  L1 trigger  t=1167559542.220  newsnr=5.10  m=(13.3,6.7) s=+0.00  mc=8.1
  L1 trigger  t=1167559543.273  newsnr=5.04  m=(39.0,26.0) s=+0.00  mc=27.6
  L1 trigger  t=1167559545.177  newsnr=5.41  m=(22.5,7.5) s=+0.00  mc=11.0
  L1 trigger  t=1167559550.207  newsnr=5.98  m=(7.2,4.8) s=+0.00  mc=5.1
  L1 trigger  t=1167559552.823  newsnr=5.27  m=(6.7,5.3) s=+0.00  mc=5.2
  L1 trigger  t=1167559557.917  newsnr=5.11  m=(68.0,17.0) s=+0.00  mc=28.3
  L1 trigger  t=1167559564.230  newsnr=5.06  m=(22.5,22.5) s=+0.00  mc=19.6
  L1 trigger  t=1167559576.969  newsnr=5.16  m=(13.3,6.7) s=+0.00  mc=8.1
  L1 trigger  t=1167559579.026  newsnr=5.16  m=(18.0,12.0) s=+0.00  mc=12.7
  L1 trigger  t=1167559594.194  newsnr=5.70  m=(57.6,14.4) s=+0.00  mc=24.0
  L1 trigger  t=1167559599.538  newsnr=5.09  m=(20.0,10.0) s=+0.00  mc=12.2
  L1 trigger  t=1167559605.919  newsnr=5.15  m=(63.8,21.2) s=+0.00  mc=31.1
  L1 trigger  t=1167559607.230  newsnr=5.04  m=(11.1,8.9) s=+0.00  mc=8.6
  L1 trigger  t=1167559611.092  newsnr=5.87  m=(32.5,32.5) s=+0.00  mc=28.3
  L1 trigger  t=1167559613.907  newsnr=5.10  m=(6.0,6.0) s=+0.00  mc=5.2
  L1 trigger  t=1167559630.180  newsnr=5.03  m=(44.0,11.0) s=+0.00  mc=18.3
  L1 trigger  t=1167559632.092  newsnr=5.03  m=(6.7,5.3) s=+0.00  mc=5.2
  L1 trigger  t=1167559649.002  newsnr=5.06  m=(15.0,5.0) s=+0.00  mc=7.3
  L1 trigger  t=1167559650.534  newsnr=5.06  m=(9.0,3.0) s=+0.00  mc=4.4
  L1 trigger  t=1167559664.713  newsnr=5.19  m=(9.6,2.4) s=+0.00  mc=4.0
  L1 trigger  t=1167559665.831  newsnr=5.03  m=(30.0,15.0) s=+0.00  mc=18.3
  L1 trigger  t=1167559669.484  newsnr=5.30  m=(36.0,9.0) s=+0.00  mc=15.0
  L1 trigger  t=1167559671.667  newsnr=5.33  m=(27.0,18.0) s=+0.00  mc=19.1
  L1 trigger  t=1167559681.113  newsnr=5.30  m=(24.0,6.0) s=+0.00  mc=10.0
  L1 trigger  t=1167559683.219  newsnr=5.16  m=(22.5,22.5) s=+0.00  mc=19.6
  L1 trigger  t=1167559685.042  newsnr=5.15  m=(6.7,5.3) s=+0.00  mc=5.2
  L1 trigger  t=1167559697.984  newsnr=5.78  m=(33.8,11.2) s=+0.00  mc=16.5
  L1 trigger  t=1167559716.279  newsnr=5.45  m=(11.1,8.9) s=+0.00  mc=8.6
  L1 trigger  t=1167559717.545  newsnr=5.13  m=(48.0,24.0) s=+0.00  mc=29.2
  L1 trigger  t=1167559732.083  newsnr=5.02  m=(18.0,12.0) s=+0.00  mc=12.7
  L1 trigger  t=1167559747.291  newsnr=5.46  m=(6.7,5.3) s=+0.00  mc=5.2
  L1 trigger  t=1167559749.880  newsnr=5.55  m=(10.0,10.0) s=+0.00  mc=8.7
  L1 trigger  t=1167559751.875  newsnr=5.39  m=(41.2,13.8) s=+0.00  mc=20.1
  L1 trigger  t=1167559753.798  newsnr=5.19  m=(10.0,10.0) s=+0.00  mc=8.7
  L1 trigger  t=1167559762.358  newsnr=5.17  m=(12.0,8.0) s=+0.00  mc=8.5
  L1 trigger  t=1167559775.746  newsnr=5.05  m=(12.0,8.0) s=+0.00  mc=8.5
  L1 trigger  t=1167559778.831  newsnr=5.20  m=(48.8,16.2) s=+0.00  mc=23.8
  L1 trigger  t=1167559789.687  newsnr=5.19  m=(57.6,14.4) s=+0.00  mc=24.0
  L1 trigger  t=1167559800.081  newsnr=5.14  m=(16.7,13.3) s=+0.00  mc=13.0
  L1 trigger  t=1167559808.558  newsnr=5.16  m=(9.0,3.0) s=+0.00  mc=4.4
  L1 trigger  t=1167559818.848  newsnr=5.06  m=(16.0,4.0) s=+0.00  mc=6.7
  L1 trigger  t=1167559828.757  newsnr=5.40  m=(50.0,50.0) s=+0.00  mc=43.5
  L1 trigger  t=1167559830.326  newsnr=5.31  m=(16.0,4.0) s=+0.00  mc=6.7
  L1 trigger  t=1167559832.613  newsnr=5.06  m=(36.0,9.0) s=+0.00  mc=15.0
  L1 trigger  t=1167559843.133  newsnr=5.04  m=(30.0,15.0) s=+0.00  mc=18.3
  L1 trigger  t=1167559848.736  newsnr=5.27  m=(20.0,10.0) s=+0.00  mc=12.2
  L1 trigger  t=1167559851.576  newsnr=5.80  m=(18.0,12.0) s=+0.00  mc=12.7
  L1 trigger  t=1167559854.489  newsnr=5.02  m=(7.2,4.8) s=+0.00  mc=5.1
  L1 trigger  t=1167559865.527  newsnr=5.86  m=(30.0,15.0) s=+0.00  mc=18.3
  L1 trigger  t=1167559873.763  newsnr=5.21  m=(7.2,4.8) s=+0.00  mc=5.1
  L1 trigger  t=1167559881.212  newsnr=5.26  m=(6.7,5.3) s=+0.00  mc=5.2
  L1 trigger  t=1167559884.298  newsnr=5.08  m=(8.0,4.0) s=+0.00  mc=4.9
  L1 trigger  t=1167559890.480  newsnr=5.57  m=(6.0,6.0) s=+0.00  mc=5.2
  L1 trigger  t=1167559897.770  newsnr=5.17  m=(11.1,8.9) s=+0.00  mc=8.6
  L1 trigger  t=1167559900.399  newsnr=5.02  m=(6.7,5.3) s=+0.00  mc=5.2
  L1 trigger  t=1167559902.724  newsnr=5.20  m=(9.0,3.0) s=+0.00  mc=4.4
  L1 trigger  t=1167559915.700  newsnr=5.17  m=(36.0,9.0) s=+0.00  mc=15.0
  L1 trigger  t=1167559920.969  newsnr=5.14  m=(10.0,10.0) s=+0.00  mc=8.7
  L1 trigger  t=1167559926.914  newsnr=5.38  m=(8.0,4.0) s=+0.00  mc=4.9
  L1 trigger  t=1167559928.447  newsnr=5.02  m=(6.0,6.0) s=+0.00  mc=5.2
  L1 trigger  t=1167559936.599  newsnr=9.23  m=(48.8,16.2) s=+0.00  mc=23.8
  L1 trigger  t=1167559949.438  newsnr=5.12  m=(18.0,12.0) s=+0.00  mc=12.7
  L1 trigger  t=1167559955.718  newsnr=5.00  m=(22.5,7.5) s=+0.00  mc=11.0
  L1 trigger  t=1167559957.912  newsnr=5.03  m=(9.0,3.0) s=+0.00  mc=4.4
  L1 trigger  t=1167559963.026  newsnr=5.51  m=(9.6,2.4) s=+0.00  mc=4.0
  L1 trigger  t=1167559986.348  newsnr=5.22  m=(7.2,4.8) s=+0.00  mc=5.1
  L1 trigger  t=1167559989.944  newsnr=5.28  m=(52.0,13.0) s=+0.00  mc=21.6
  L1 trigger  t=1167559993.064  newsnr=5.01  m=(41.2,13.8) s=+0.00  mc=20.1
  L1 trigger  t=1167559999.774  newsnr=5.59  m=(12.0,8.0) s=+0.00  mc=8.5
  L1 trigger  t=1167560001.964  newsnr=5.27  m=(24.0,6.0) s=+0.00  mc=10.0
  L1 trigger  t=1167560004.224  newsnr=5.58  m=(63.8,21.2) s=+0.00  mc=31.1
  L1 trigger  t=1167560006.007  newsnr=5.18  m=(24.0,6.0) s=+0.00  mc=10.0
  L1 trigger  t=1167560007.158  newsnr=5.44  m=(20.0,10.0) s=+0.00  mc=12.2
  L1 trigger  t=1167560011.483  newsnr=5.07  m=(27.0,18.0) s=+0.00  mc=19.1
  L1 trigger  t=1167560014.786  newsnr=5.45  m=(36.0,9.0) s=+0.00  mc=15.0
  L1 trigger  t=1167560055.505  newsnr=5.09  m=(30.0,15.0) s=+0.00  mc=18.3
  L1 trigger  t=1167560059.344  newsnr=5.01  m=(24.0,6.0) s=+0.00  mc=10.0
  L1 trigger  t=1167560061.025  newsnr=5.18  m=(44.0,11.0) s=+0.00  mc=18.3
  L1 trigger  t=1167560068.515  newsnr=5.03  m=(15.0,5.0) s=+0.00  mc=7.3
  L1 trigger  t=1167560071.508  newsnr=5.25  m=(27.5,27.5) s=+0.00  mc=23.9
  L1 trigger  t=1167560073.004  newsnr=5.49  m=(13.3,6.7) s=+0.00  mc=8.1
  L1 trigger  t=1167560075.598  newsnr=5.21  m=(22.5,22.5) s=+0.00  mc=19.6
  L1 trigger  t=1167560078.317  newsnr=5.32  m=(80.0,20.0) s=+0.00  mc=33.3
  L1 trigger  t=1167560087.557  newsnr=5.09  m=(75.0,25.0) s=+0.00  mc=36.6
  L1 trigger  t=1167560089.756  newsnr=5.96  m=(9.6,2.4) s=+0.00  mc=4.0
  L1 trigger  t=1167560107.411  newsnr=5.46  m=(27.5,27.5) s=+0.00  mc=23.9
  L1 trigger  t=1167560109.244  newsnr=5.09  m=(10.0,10.0) s=+0.00  mc=8.7
  L1 trigger  t=1167560117.344  newsnr=5.39  m=(15.0,15.0) s=+0.00  mc=13.1
  L1 trigger  t=1167560126.144  newsnr=5.15  m=(24.0,6.0) s=+0.00  mc=10.0
  L1 trigger  t=1167560129.223  newsnr=5.62  m=(15.0,15.0) s=+0.00  mc=13.1
  L1 trigger  t=1167560136.617  newsnr=5.15  m=(36.0,9.0) s=+0.00  mc=15.0
  L1 trigger  t=1167560151.002  newsnr=5.02  m=(9.6,2.4) s=+0.00  mc=4.0
  L1 trigger  t=1167560155.891  newsnr=5.10  m=(12.0,8.0) s=+0.00  mc=8.5
  L1 trigger  t=1167560169.525  newsnr=5.13  m=(18.0,12.0) s=+0.00  mc=12.7
  L1 trigger  t=1167560171.739  newsnr=5.14  m=(30.0,15.0) s=+0.00  mc=18.3
  L1 trigger  t=1167560186.995  newsnr=5.72  m=(36.0,9.0) s=+0.00  mc=15.0
  L1 trigger  t=1167560207.985  newsnr=5.10  m=(10.0,10.0) s=+0.00  mc=8.7
  L1 trigger  t=1167560231.250  newsnr=5.68  m=(55.6,44.4) s=+0.00  mc=43.2
  L1 trigger  t=1167560233.153  newsnr=5.03  m=(11.1,8.9) s=+0.00  mc=8.6
  L1 trigger  t=1167560236.082  newsnr=5.03  m=(16.0,4.0) s=+0.00  mc=6.7
  L1 trigger  t=1167560246.819  newsnr=5.12  m=(41.2,13.8) s=+0.00  mc=20.1
  L1 trigger  t=1167560249.488  newsnr=5.32  m=(66.7,33.3) s=+0.00  mc=40.6
  L1 trigger  t=1167560257.623  newsnr=5.01  m=(56.7,28.3) s=+0.00  mc=34.5
  L1 trigger  t=1167560263.643  newsnr=5.00  m=(48.8,16.2) s=+0.00  mc=23.8
  L1 trigger  t=1167560273.400  newsnr=5.06  m=(6.0,6.0) s=+0.00  mc=5.2
  L1 trigger  t=1167560277.743  newsnr=5.64  m=(50.0,50.0) s=+0.00  mc=43.5
  L1 trigger  t=1167560279.880  newsnr=5.06  m=(15.0,15.0) s=+0.00  mc=13.1
  L1 trigger  t=1167560283.089  newsnr=5.54  m=(32.5,32.5) s=+0.00  mc=28.3
  L1 trigger  t=1167560284.630  newsnr=5.20  m=(10.0,10.0) s=+0.00  mc=8.7
  L1 trigger  t=1167560286.208  newsnr=5.24  m=(48.0,24.0) s=+0.00  mc=29.2
  L1 trigger  t=1167560291.069  newsnr=5.47  m=(52.0,13.0) s=+0.00  mc=21.6
  L1 trigger  t=1167560294.248  newsnr=5.04  m=(24.0,6.0) s=+0.00  mc=10.0
  L1 trigger  t=1167560298.562  newsnr=5.30  m=(13.3,6.7) s=+0.00  mc=8.1
  L1 trigger  t=1167560315.323  newsnr=5.06  m=(36.0,36.0) s=+0.00  mc=31.3
  L1 trigger  t=1167560324.136  newsnr=5.00  m=(48.8,16.2) s=+0.00  mc=23.8
  L1 trigger  t=1167560326.361  newsnr=5.29  m=(30.6,24.4) s=+0.00  mc=23.8
  L1 trigger  t=1167560338.021  newsnr=5.15  m=(27.0,18.0) s=+0.00  mc=19.1
  L1 trigger  t=1167560344.768  newsnr=5.15  m=(9.6,2.4) s=+0.00  mc=4.0
  L1 trigger  t=1167560345.971  newsnr=5.78  m=(75.0,25.0) s=+0.00  mc=36.6
  L1 trigger  t=1167560347.271  newsnr=5.71  m=(48.8,16.2) s=+0.00  mc=23.8
  L1 trigger  t=1167560351.536  newsnr=5.28  m=(33.8,11.2) s=+0.00  mc=16.5
  L1 trigger  t=1167560352.929  newsnr=5.38  m=(16.0,4.0) s=+0.00  mc=6.7
  L1 trigger  t=1167560357.490  newsnr=5.03  m=(25.0,20.0) s=+0.00  mc=19.4
  L1 trigger  t=1167560364.791  newsnr=5.34  m=(6.7,5.3) s=+0.00  mc=5.2
  L1 trigger  t=1167560367.068  newsnr=5.36  m=(18.0,12.0) s=+0.00  mc=12.7
  L1 trigger  t=1167560372.699  newsnr=5.22  m=(33.0,22.0) s=+0.00  mc=23.4
  L1 trigger  t=1167560374.391  newsnr=5.10  m=(20.0,10.0) s=+0.00  mc=12.2
  L1 trigger  t=1167560375.764  newsnr=5.20  m=(50.0,50.0) s=+0.00  mc=43.5
  L1 trigger  t=1167560376.982  newsnr=5.12  m=(7.2,4.8) s=+0.00  mc=5.1
  L1 trigger  t=1167560379.664  newsnr=5.14  m=(7.2,4.8) s=+0.00  mc=5.1
  L1 trigger  t=1167560382.696  newsnr=5.06  m=(10.0,10.0) s=+0.00  mc=8.7
  L1 trigger  t=1167560387.596  newsnr=5.02  m=(15.0,15.0) s=+0.00  mc=13.1
  L1 trigger  t=1167560403.910  newsnr=5.34  m=(22.5,7.5) s=+0.00  mc=11.0
  L1 trigger  t=1167560406.041  newsnr=5.52  m=(44.0,11.0) s=+0.00  mc=18.3
  L1 trigger  t=1167560408.371  newsnr=5.40  m=(15.0,5.0) s=+0.00  mc=7.3
  L1 trigger  t=1167560410.152  newsnr=5.10  m=(8.0,4.0) s=+0.00  mc=4.9
  L1 trigger  t=1167560417.881  newsnr=5.35  m=(30.0,15.0) s=+0.00  mc=18.3
  L1 trigger  t=1167560431.153  newsnr=5.25  m=(9.0,3.0) s=+0.00  mc=4.4
  L1 trigger  t=1167560435.077  newsnr=5.04  m=(30.0,15.0) s=+0.00  mc=18.3
  L1 trigger  t=1167560442.468  newsnr=5.05  m=(44.0,11.0) s=+0.00  mc=18.3
  L1 trigger  t=1167560458.334  newsnr=5.33  m=(25.0,20.0) s=+0.00  mc=19.4
  L1 trigger  t=1167560459.578  newsnr=5.02  m=(9.0,3.0) s=+0.00  mc=4.4
  L1 trigger  t=1167560460.998  newsnr=5.30  m=(24.0,6.0) s=+0.00  mc=10.0
  L1 trigger  t=1167560467.592  newsnr=5.33  m=(42.5,42.5) s=+0.00  mc=37.0
  L1 trigger  t=1167560472.952  newsnr=5.04  m=(16.7,13.3) s=+0.00  mc=13.0
  L1 trigger  t=1167560474.305  newsnr=5.03  m=(25.0,20.0) s=+0.00  mc=19.4
  L1 trigger  t=1167560478.660  newsnr=5.02  m=(20.0,10.0) s=+0.00  mc=12.2
  L1 trigger  t=1167560488.018  newsnr=5.21  m=(22.5,22.5) s=+0.00  mc=19.6
  L1 trigger  t=1167560493.761  newsnr=5.07  m=(20.0,10.0) s=+0.00  mc=12.2
  L1 trigger  t=1167560494.870  newsnr=5.18  m=(7.2,4.8) s=+0.00  mc=5.1
  L1 trigger  t=1167560500.695  newsnr=5.66  m=(36.0,9.0) s=+0.00  mc=15.0
  L1 trigger  t=1167560508.555  newsnr=5.05  m=(13.3,6.7) s=+0.00  mc=8.1
  L1 trigger  t=1167560513.614  newsnr=5.35  m=(25.0,20.0) s=+0.00  mc=19.4
  L1 trigger  t=1167560540.655  newsnr=5.16  m=(24.0,6.0) s=+0.00  mc=10.0
  L1 trigger  t=1167560547.498  newsnr=5.41  m=(9.6,2.4) s=+0.00  mc=4.0
  L1 trigger  t=1167560554.368  newsnr=5.38  m=(11.1,8.9) s=+0.00  mc=8.6
  L1 trigger  t=1167560557.037  newsnr=5.01  m=(20.0,10.0) s=+0.00  mc=12.2
  L1 trigger  t=1167560565.856  newsnr=5.10  m=(16.0,4.0) s=+0.00  mc=6.7
  L1 trigger  t=1167560569.758  newsnr=5.73  m=(52.0,13.0) s=+0.00  mc=21.6
  L1 trigger  t=1167560580.709  newsnr=5.36  m=(48.8,16.2) s=+0.00  mc=23.8
  L1 trigger  t=1167560586.694  newsnr=5.56  m=(36.0,9.0) s=+0.00  mc=15.0
  L1 trigger  t=1167560588.482  newsnr=5.04  m=(9.0,3.0) s=+0.00  mc=4.4
  L1 trigger  t=1167560589.824  newsnr=5.86  m=(22.5,7.5) s=+0.00  mc=11.0
  L1 trigger  t=1167560593.028  newsnr=5.07  m=(6.7,5.3) s=+0.00  mc=5.2
  L1 trigger  t=1167560594.497  newsnr=5.18  m=(75.0,25.0) s=+0.00  mc=36.6
  L1 trigger  t=1167560601.897  newsnr=5.47  m=(12.0,8.0) s=+0.00  mc=8.5
  L1 trigger  t=1167560609.608  newsnr=5.59  m=(7.2,4.8) s=+0.00  mc=5.1
  L1 trigger  t=1167560613.447  newsnr=5.08  m=(80.0,20.0) s=+0.00  mc=33.3
  L1 trigger  t=1167560615.035  newsnr=5.66  m=(9.6,2.4) s=+0.00  mc=4.0
  L1 trigger  t=1167560617.663  newsnr=5.21  m=(27.0,18.0) s=+0.00  mc=19.1
  L1 trigger  t=1167560643.715  newsnr=5.55  m=(7.2,4.8) s=+0.00  mc=5.1
  L1 trigger  t=1167560646.643  newsnr=5.53  m=(63.8,21.2) s=+0.00  mc=31.1
  L1 trigger  t=1167560647.767  newsnr=5.13  m=(41.2,13.8) s=+0.00  mc=20.1
  zero-lag coincidences: 2
  background coincidences: 43 over 4.73 days

  t=1167559936.596  stat=12.75  m=(48.8,16.2)  FAR=0.000e+00/yr
  t=1167559084.853  stat=7.75  m=(15.0,15.0)  FAR=2.316e+02/yr

======================================================================
STAGE B -- DISPERSION PROFILING (alpha family)
======================================================================

  candidate t=1167559936.596  template (48.8, 16.2, s=+0.00)
    alpha=0.0   B = -3.2693e+01 +/- 9.5093e+01  z=-0.70
                  SNR 8.755 -> 8.858
    alpha=2.5   B = -2.7328e-04 +/- 4.3715e-04  z=-1.00
                  SNR 8.755 -> 8.796
                  FLAT PROFILE (dSNR^2 = 0.72):
                  B is unconstrained within one alias
                  period. The edge is where the noise
                  points, not a preference. Null result.
    alpha=3.0   B = -1.2003e-05 +/- 1.9057e-05  z=-1.03
                  SNR 8.755 -> 8.807
                  FLAT PROFILE (dSNR^2 = 0.90):
                  B is unconstrained within one alias
                  period. The edge is where the noise
                  points, not a preference. Null result.
    alpha=3.5   B = -4.9447e-07 +/- 8.3296e-07  z=-1.02
                  SNR 8.755 -> 8.797
    alpha=4.0   B = -2.3408e-08 +/- 3.7503e-08  z=-1.12  ->  -1.159e-01 +/- 1.857e-01
                  SNR 8.755 -> 8.800
                  FLAT PROFILE (dSNR^2 = 0.78):
                  B is unconstrained within one alias
                  period. The edge is where the noise
                  points, not a preference. Null result.

  written: events/GW170104_results.json

  Report every alpha as an interval. A z below ~3 with a
  boundary-free maximum means: consistent with GR, and the
  bound is the 90% CI. It does not mean GR is confirmed.
[GW170104] done in 49.9 min -> events/GW170104_results.json

======================================================================
[GW170814] starting  GPS=1186741861.500
======================================================================
======================================================================
STAGE A1 -- CONDITIONING
======================================================================
  H1: 4088s @ 4096 Hz
  L1: 4088s @ 4096 Hz
  bank: 54 templates (9 x 6 x 1)

======================================================================
STAGE A2/A3 -- SLIDING-WINDOW SEARCH + CHI-SQUARED VETO
======================================================================
  [H1] blocks of 64s, overlap 8s, 54 templates
    block 5/72  triggers so far: 285
    block 10/72  triggers so far: 484
    block 15/72  triggers so far: 715
    block 20/72  triggers so far: 942
    block 25/72  triggers so far: 1483
    block 30/72  triggers so far: 1599
    block 35/72  triggers so far: 2191
    block 40/72  triggers so far: 2664
    block 45/72  triggers so far: 2887
    block 50/72  triggers so far: 3328
    block 55/72  triggers so far: 3502
    block 60/72  triggers so far: 3965
    block 65/72  triggers so far: 4221
    block 70/72  triggers so far: 4864
  [H1] 4923 raw -> 465 clustered triggers
  [L1] blocks of 64s, overlap 8s, 54 templates
    block 5/72  triggers so far: 486
    block 10/72  triggers so far: 872
    block 15/72  triggers so far: 1254
    block 20/72  triggers so far: 1758
    block 25/72  triggers so far: 2156
    block 30/72  triggers so far: 2465
    block 35/72  triggers so far: 3157
    block 40/72  triggers so far: 3611
    block 45/72  triggers so far: 4011
    block 50/72  triggers so far: 4385
    block 55/72  triggers so far: 4789
    block 60/72  triggers so far: 5147
    block 65/72  triggers so far: 5529
    block 70/72  triggers so far: 6199
  [L1] 6310 raw -> 539 clustered triggers

======================================================================
STAGE A4/A5 -- COINCIDENCE + TIME-SLIDE BACKGROUND
======================================================================
  H1 trigger  t=1186738189.553  newsnr=5.14  m=(50.0,50.0) s=+0.00  mc=43.5
  H1 trigger  t=1186738194.315  newsnr=5.24  m=(9.0,3.0) s=+0.00  mc=4.4
  H1 trigger  t=1186738206.151  newsnr=5.23  m=(33.8,11.2) s=+0.00  mc=16.5
  H1 trigger  t=1186738216.227  newsnr=5.05  m=(16.7,13.3) s=+0.00  mc=13.0
  H1 trigger  t=1186738225.621  newsnr=5.04  m=(13.3,6.7) s=+0.00  mc=8.1
  H1 trigger  t=1186738237.264  newsnr=5.20  m=(33.8,11.2) s=+0.00  mc=16.5
  H1 trigger  t=1186738248.492  newsnr=5.11  m=(22.5,7.5) s=+0.00  mc=11.0
  H1 trigger  t=1186738260.209  newsnr=5.03  m=(6.7,5.3) s=+0.00  mc=5.2
  H1 trigger  t=1186738261.774  newsnr=5.33  m=(43.3,21.7) s=+0.00  mc=26.4
  H1 trigger  t=1186738269.952  newsnr=5.16  m=(27.0,18.0) s=+0.00  mc=19.1
  H1 trigger  t=1186738271.272  newsnr=5.06  m=(24.0,6.0) s=+0.00  mc=10.0
  H1 trigger  t=1186738281.947  newsnr=5.45  m=(10.0,10.0) s=+0.00  mc=8.7
  H1 trigger  t=1186738288.222  newsnr=5.37  m=(57.6,14.4) s=+0.00  mc=24.0
  H1 trigger  t=1186738292.478  newsnr=5.15  m=(10.0,10.0) s=+0.00  mc=8.7
  H1 trigger  t=1186738297.792  newsnr=5.57  m=(36.7,18.3) s=+0.00  mc=22.3
  H1 trigger  t=1186738306.805  newsnr=5.05  m=(15.0,5.0) s=+0.00  mc=7.3
  H1 trigger  t=1186738309.538  newsnr=5.17  m=(20.0,10.0) s=+0.00  mc=12.2
  H1 trigger  t=1186738314.529  newsnr=5.15  m=(39.0,26.0) s=+0.00  mc=27.6
  H1 trigger  t=1186738318.388  newsnr=5.38  m=(6.0,6.0) s=+0.00  mc=5.2
  H1 trigger  t=1186738321.717  newsnr=5.12  m=(44.0,11.0) s=+0.00  mc=18.3
  H1 trigger  t=1186738325.576  newsnr=5.30  m=(18.0,12.0) s=+0.00  mc=12.7
  H1 trigger  t=1186738327.861  newsnr=5.16  m=(22.5,22.5) s=+0.00  mc=19.6
  H1 trigger  t=1186738345.792  newsnr=5.55  m=(7.2,4.8) s=+0.00  mc=5.1
  H1 trigger  t=1186738352.497  newsnr=5.38  m=(9.6,2.4) s=+0.00  mc=4.0
  H1 trigger  t=1186738385.817  newsnr=5.11  m=(6.7,5.3) s=+0.00  mc=5.2
  H1 trigger  t=1186738392.958  newsnr=5.03  m=(13.3,6.7) s=+0.00  mc=8.1
  H1 trigger  t=1186738398.693  newsnr=5.09  m=(33.0,22.0) s=+0.00  mc=23.4
  H1 trigger  t=1186738400.962  newsnr=5.13  m=(33.8,11.2) s=+0.00  mc=16.5
  H1 trigger  t=1186738425.380  newsnr=5.10  m=(55.6,44.4) s=+0.00  mc=43.2
  H1 trigger  t=1186738431.141  newsnr=5.50  m=(8.0,4.0) s=+0.00  mc=4.9
  H1 trigger  t=1186738434.405  newsnr=5.28  m=(12.0,8.0) s=+0.00  mc=8.5
  H1 trigger  t=1186738440.735  newsnr=5.29  m=(36.7,18.3) s=+0.00  mc=22.3
  H1 trigger  t=1186738444.762  newsnr=5.27  m=(6.7,5.3) s=+0.00  mc=5.2
  H1 trigger  t=1186738453.559  newsnr=5.19  m=(22.5,7.5) s=+0.00  mc=11.0
  H1 trigger  t=1186738466.261  newsnr=5.15  m=(12.0,8.0) s=+0.00  mc=8.5
  H1 trigger  t=1186738486.867  newsnr=5.28  m=(43.3,21.7) s=+0.00  mc=26.4
  H1 trigger  t=1186738498.298  newsnr=5.01  m=(33.8,11.2) s=+0.00  mc=16.5
  H1 trigger  t=1186738503.493  newsnr=5.26  m=(10.0,10.0) s=+0.00  mc=8.7
  H1 trigger  t=1186738508.191  newsnr=5.11  m=(7.2,4.8) s=+0.00  mc=5.1
  H1 trigger  t=1186738523.904  newsnr=5.24  m=(9.0,3.0) s=+0.00  mc=4.4
  H1 trigger  t=1186738538.458  newsnr=5.08  m=(18.0,12.0) s=+0.00  mc=12.7
  H1 trigger  t=1186738539.707  newsnr=5.13  m=(12.0,8.0) s=+0.00  mc=8.5
  H1 trigger  t=1186738545.320  newsnr=5.48  m=(24.0,6.0) s=+0.00  mc=10.0
  H1 trigger  t=1186738550.814  newsnr=5.09  m=(20.0,10.0) s=+0.00  mc=12.2
  H1 trigger  t=1186738553.028  newsnr=6.23  m=(7.2,4.8) s=+0.00  mc=5.1
  H1 trigger  t=1186738582.111  newsnr=5.02  m=(15.0,15.0) s=+0.00  mc=13.1
  H1 trigger  t=1186738585.388  newsnr=5.33  m=(11.1,8.9) s=+0.00  mc=8.6
  H1 trigger  t=1186738588.126  newsnr=5.28  m=(36.0,9.0) s=+0.00  mc=15.0
  H1 trigger  t=1186738599.738  newsnr=5.08  m=(33.8,11.2) s=+0.00  mc=16.5
  H1 trigger  t=1186738636.607  newsnr=5.39  m=(18.0,12.0) s=+0.00  mc=12.7
  H1 trigger  t=1186738640.257  newsnr=5.10  m=(15.0,5.0) s=+0.00  mc=7.3
  H1 trigger  t=1186738646.642  newsnr=5.12  m=(80.0,20.0) s=+0.00  mc=33.3
  H1 trigger  t=1186738660.604  newsnr=5.23  m=(7.2,4.8) s=+0.00  mc=5.1
  H1 trigger  t=1186738665.459  newsnr=5.10  m=(6.7,5.3) s=+0.00  mc=5.2
  H1 trigger  t=1186738675.378  newsnr=5.26  m=(20.0,10.0) s=+0.00  mc=12.2
  H1 trigger  t=1186738677.145  newsnr=5.27  m=(11.1,8.9) s=+0.00  mc=8.6
  H1 trigger  t=1186738680.292  newsnr=5.32  m=(9.0,3.0) s=+0.00  mc=4.4
  H1 trigger  t=1186738685.420  newsnr=5.57  m=(24.0,6.0) s=+0.00  mc=10.0
  H1 trigger  t=1186738687.840  newsnr=5.09  m=(9.0,3.0) s=+0.00  mc=4.4
  H1 trigger  t=1186738703.119  newsnr=5.50  m=(13.3,6.7) s=+0.00  mc=8.1
  H1 trigger  t=1186738709.651  newsnr=5.03  m=(15.0,5.0) s=+0.00  mc=7.3
  H1 trigger  t=1186738739.142  newsnr=5.37  m=(22.5,7.5) s=+0.00  mc=11.0
  H1 trigger  t=1186738743.970  newsnr=5.01  m=(6.7,5.3) s=+0.00  mc=5.2
  H1 trigger  t=1186738749.906  newsnr=5.06  m=(24.0,6.0) s=+0.00  mc=10.0
  H1 trigger  t=1186738760.972  newsnr=5.16  m=(60.0,40.0) s=+0.00  mc=42.5
  H1 trigger  t=1186738762.431  newsnr=5.22  m=(30.0,15.0) s=+0.00  mc=18.3
  H1 trigger  t=1186738766.354  newsnr=5.06  m=(6.0,6.0) s=+0.00  mc=5.2
  H1 trigger  t=1186738773.208  newsnr=5.36  m=(24.0,6.0) s=+0.00  mc=10.0
  H1 trigger  t=1186738780.414  newsnr=5.06  m=(7.2,4.8) s=+0.00  mc=5.1
  H1 trigger  t=1186738786.684  newsnr=5.06  m=(12.0,8.0) s=+0.00  mc=8.5
  H1 trigger  t=1186738789.401  newsnr=5.09  m=(39.0,26.0) s=+0.00  mc=27.6
  H1 trigger  t=1186738803.353  newsnr=5.15  m=(10.0,10.0) s=+0.00  mc=8.7
  H1 trigger  t=1186738811.555  newsnr=5.13  m=(8.0,4.0) s=+0.00  mc=4.9
  H1 trigger  t=1186738818.533  newsnr=5.02  m=(36.0,36.0) s=+0.00  mc=31.3
  H1 trigger  t=1186738821.649  newsnr=5.20  m=(16.7,13.3) s=+0.00  mc=13.0
  H1 trigger  t=1186738829.543  newsnr=5.11  m=(7.2,4.8) s=+0.00  mc=5.1
  H1 trigger  t=1186738838.155  newsnr=5.16  m=(68.0,17.0) s=+0.00  mc=28.3
  H1 trigger  t=1186738840.070  newsnr=5.28  m=(54.0,18.0) s=+0.00  mc=26.4
  H1 trigger  t=1186738842.827  newsnr=5.29  m=(20.0,10.0) s=+0.00  mc=12.2
  H1 trigger  t=1186738865.364  newsnr=5.09  m=(33.8,11.2) s=+0.00  mc=16.5
  H1 trigger  t=1186738869.626  newsnr=5.20  m=(36.0,9.0) s=+0.00  mc=15.0
  H1 trigger  t=1186738882.925  newsnr=5.35  m=(22.5,7.5) s=+0.00  mc=11.0
  H1 trigger  t=1186738894.674  newsnr=5.50  m=(11.1,8.9) s=+0.00  mc=8.6
  H1 trigger  t=1186738906.690  newsnr=5.05  m=(41.2,13.8) s=+0.00  mc=20.1
  H1 trigger  t=1186738908.141  newsnr=5.25  m=(22.5,22.5) s=+0.00  mc=19.6
  H1 trigger  t=1186738909.481  newsnr=5.12  m=(18.0,12.0) s=+0.00  mc=12.7
  H1 trigger  t=1186738932.380  newsnr=5.04  m=(13.3,6.7) s=+0.00  mc=8.1
  H1 trigger  t=1186738938.398  newsnr=5.21  m=(9.0,3.0) s=+0.00  mc=4.4
  H1 trigger  t=1186738950.658  newsnr=5.08  m=(33.8,11.2) s=+0.00  mc=16.5
  H1 trigger  t=1186738965.634  newsnr=5.42  m=(6.0,6.0) s=+0.00  mc=5.2
  H1 trigger  t=1186738972.232  newsnr=5.17  m=(9.0,3.0) s=+0.00  mc=4.4
  H1 trigger  t=1186738973.558  newsnr=5.41  m=(12.0,8.0) s=+0.00  mc=8.5
  H1 trigger  t=1186738986.419  newsnr=5.02  m=(20.0,10.0) s=+0.00  mc=12.2
  H1 trigger  t=1186739011.298  newsnr=5.01  m=(36.0,9.0) s=+0.00  mc=15.0
  H1 trigger  t=1186739017.957  newsnr=5.06  m=(9.6,2.4) s=+0.00  mc=4.0
  H1 trigger  t=1186739020.974  newsnr=5.25  m=(11.1,8.9) s=+0.00  mc=8.6
  H1 trigger  t=1186739033.185  newsnr=5.93  m=(24.0,6.0) s=+0.00  mc=10.0
  H1 trigger  t=1186739035.175  newsnr=5.36  m=(10.0,10.0) s=+0.00  mc=8.7
  H1 trigger  t=1186739037.756  newsnr=5.28  m=(22.5,7.5) s=+0.00  mc=11.0
  H1 trigger  t=1186739046.305  newsnr=5.72  m=(25.0,20.0) s=+0.00  mc=19.4
  H1 trigger  t=1186739058.991  newsnr=5.14  m=(7.2,4.8) s=+0.00  mc=5.1
  H1 trigger  t=1186739063.275  newsnr=5.28  m=(16.0,4.0) s=+0.00  mc=6.7
  H1 trigger  t=1186739066.718  newsnr=5.21  m=(15.0,15.0) s=+0.00  mc=13.1
  H1 trigger  t=1186739072.211  newsnr=5.10  m=(68.0,17.0) s=+0.00  mc=28.3
  H1 trigger  t=1186739085.357  newsnr=5.26  m=(15.0,5.0) s=+0.00  mc=7.3
  H1 trigger  t=1186739090.226  newsnr=5.44  m=(27.0,18.0) s=+0.00  mc=19.1
  H1 trigger  t=1186739098.681  newsnr=5.12  m=(6.7,5.3) s=+0.00  mc=5.2
  H1 trigger  t=1186739101.855  newsnr=5.03  m=(9.0,3.0) s=+0.00  mc=4.4
  H1 trigger  t=1186739117.999  newsnr=5.25  m=(30.0,15.0) s=+0.00  mc=18.3
  H1 trigger  t=1186739146.890  newsnr=5.22  m=(15.0,15.0) s=+0.00  mc=13.1
  H1 trigger  t=1186739150.682  newsnr=5.05  m=(20.0,10.0) s=+0.00  mc=12.2
  H1 trigger  t=1186739158.665  newsnr=5.39  m=(44.0,11.0) s=+0.00  mc=18.3
  H1 trigger  t=1186739168.940  newsnr=5.00  m=(68.0,17.0) s=+0.00  mc=28.3
  H1 trigger  t=1186739173.333  newsnr=5.06  m=(20.0,10.0) s=+0.00  mc=12.2
  H1 trigger  t=1186739182.228  newsnr=5.05  m=(27.5,27.5) s=+0.00  mc=23.9
  H1 trigger  t=1186739220.794  newsnr=5.31  m=(12.0,8.0) s=+0.00  mc=8.5
  H1 trigger  t=1186739226.745  newsnr=5.27  m=(22.5,22.5) s=+0.00  mc=19.6
  H1 trigger  t=1186739229.316  newsnr=5.14  m=(36.7,18.3) s=+0.00  mc=22.3
  H1 trigger  t=1186739232.466  newsnr=5.17  m=(15.0,15.0) s=+0.00  mc=13.1
  H1 trigger  t=1186739237.808  newsnr=5.05  m=(11.1,8.9) s=+0.00  mc=8.6
  H1 trigger  t=1186739249.657  newsnr=5.09  m=(13.3,6.7) s=+0.00  mc=8.1
  H1 trigger  t=1186739254.949  newsnr=5.23  m=(63.8,21.2) s=+0.00  mc=31.1
  H1 trigger  t=1186739279.631  newsnr=5.07  m=(15.0,5.0) s=+0.00  mc=7.3
  H1 trigger  t=1186739284.592  newsnr=5.05  m=(41.2,13.8) s=+0.00  mc=20.1
  H1 trigger  t=1186739286.937  newsnr=5.03  m=(22.5,22.5) s=+0.00  mc=19.6
  H1 trigger  t=1186739294.441  newsnr=5.18  m=(13.3,6.7) s=+0.00  mc=8.1
  H1 trigger  t=1186739300.234  newsnr=5.32  m=(36.7,18.3) s=+0.00  mc=22.3
  H1 trigger  t=1186739305.756  newsnr=5.02  m=(24.0,6.0) s=+0.00  mc=10.0
  H1 trigger  t=1186739309.311  newsnr=5.00  m=(33.8,11.2) s=+0.00  mc=16.5
  H1 trigger  t=1186739310.897  newsnr=5.04  m=(52.0,13.0) s=+0.00  mc=21.6
  H1 trigger  t=1186739315.791  newsnr=5.42  m=(22.5,22.5) s=+0.00  mc=19.6
  H1 trigger  t=1186739326.229  newsnr=5.04  m=(15.0,15.0) s=+0.00  mc=13.1
  H1 trigger  t=1186739339.941  newsnr=5.35  m=(6.7,5.3) s=+0.00  mc=5.2
  H1 trigger  t=1186739349.840  newsnr=5.59  m=(22.5,22.5) s=+0.00  mc=19.6
  H1 trigger  t=1186739355.110  newsnr=5.44  m=(7.2,4.8) s=+0.00  mc=5.1
  H1 trigger  t=1186739359.321  newsnr=5.06  m=(36.0,9.0) s=+0.00  mc=15.0
  H1 trigger  t=1186739365.635  newsnr=5.41  m=(6.7,5.3) s=+0.00  mc=5.2
  H1 trigger  t=1186739367.211  newsnr=5.01  m=(16.7,13.3) s=+0.00  mc=13.0
  H1 trigger  t=1186739369.109  newsnr=5.10  m=(15.0,5.0) s=+0.00  mc=7.3
  H1 trigger  t=1186739387.260  newsnr=5.00  m=(8.0,4.0) s=+0.00  mc=4.9
  H1 trigger  t=1186739391.958  newsnr=5.18  m=(11.1,8.9) s=+0.00  mc=8.6
  H1 trigger  t=1186739401.670  newsnr=5.19  m=(44.0,11.0) s=+0.00  mc=18.3
  H1 trigger  t=1186739406.100  newsnr=5.12  m=(16.0,4.0) s=+0.00  mc=6.7
  H1 trigger  t=1186739408.124  newsnr=5.33  m=(50.0,50.0) s=+0.00  mc=43.5
  H1 trigger  t=1186739412.211  newsnr=5.35  m=(9.0,3.0) s=+0.00  mc=4.4
  H1 trigger  t=1186739418.179  newsnr=5.11  m=(15.0,5.0) s=+0.00  mc=7.3
  H1 trigger  t=1186739421.886  newsnr=5.10  m=(8.0,4.0) s=+0.00  mc=4.9
  H1 trigger  t=1186739424.384  newsnr=5.43  m=(9.0,3.0) s=+0.00  mc=4.4
  H1 trigger  t=1186739434.722  newsnr=5.01  m=(7.2,4.8) s=+0.00  mc=5.1
  H1 trigger  t=1186739439.008  newsnr=5.12  m=(16.0,4.0) s=+0.00  mc=6.7
  H1 trigger  t=1186739446.577  newsnr=5.13  m=(10.0,10.0) s=+0.00  mc=8.7
  H1 trigger  t=1186739449.603  newsnr=5.51  m=(9.0,3.0) s=+0.00  mc=4.4
  H1 trigger  t=1186739454.060  newsnr=5.23  m=(22.5,7.5) s=+0.00  mc=11.0
  H1 trigger  t=1186739459.358  newsnr=5.21  m=(20.0,10.0) s=+0.00  mc=12.2
  H1 trigger  t=1186739460.746  newsnr=5.14  m=(33.8,11.2) s=+0.00  mc=16.5
  H1 trigger  t=1186739469.869  newsnr=5.16  m=(6.0,6.0) s=+0.00  mc=5.2
  H1 trigger  t=1186739475.146  newsnr=5.08  m=(41.2,13.8) s=+0.00  mc=20.1
  H1 trigger  t=1186739476.927  newsnr=5.61  m=(16.7,13.3) s=+0.00  mc=13.0
  H1 trigger  t=1186739479.606  newsnr=5.00  m=(27.5,27.5) s=+0.00  mc=23.9
  H1 trigger  t=1186739485.690  newsnr=5.10  m=(36.0,9.0) s=+0.00  mc=15.0
  H1 trigger  t=1186739488.733  newsnr=5.35  m=(22.5,7.5) s=+0.00  mc=11.0
  H1 trigger  t=1186739512.231  newsnr=5.02  m=(9.6,2.4) s=+0.00  mc=4.0
  H1 trigger  t=1186739516.718  newsnr=5.15  m=(44.0,11.0) s=+0.00  mc=18.3
  H1 trigger  t=1186739525.378  newsnr=5.19  m=(40.0,32.0) s=+0.00  mc=31.1
  H1 trigger  t=1186739537.754  newsnr=5.24  m=(24.0,6.0) s=+0.00  mc=10.0
  H1 trigger  t=1186739540.323  newsnr=5.01  m=(9.6,2.4) s=+0.00  mc=4.0
  H1 trigger  t=1186739543.304  newsnr=5.07  m=(11.1,8.9) s=+0.00  mc=8.6
  H1 trigger  t=1186739545.216  newsnr=5.63  m=(10.0,10.0) s=+0.00  mc=8.7
  H1 trigger  t=1186739556.161  newsnr=5.16  m=(6.7,5.3) s=+0.00  mc=5.2
  H1 trigger  t=1186739565.089  newsnr=5.00  m=(12.0,8.0) s=+0.00  mc=8.5
  H1 trigger  t=1186739575.780  newsnr=5.58  m=(57.6,14.4) s=+0.00  mc=24.0
  H1 trigger  t=1186739579.783  newsnr=5.64  m=(22.5,7.5) s=+0.00  mc=11.0
  H1 trigger  t=1186739580.786  newsnr=5.15  m=(9.6,2.4) s=+0.00  mc=4.0
  H1 trigger  t=1186739583.959  newsnr=5.03  m=(6.7,5.3) s=+0.00  mc=5.2
  H1 trigger  t=1186739596.067  newsnr=5.03  m=(10.0,10.0) s=+0.00  mc=8.7
  H1 trigger  t=1186739597.345  newsnr=5.11  m=(24.0,6.0) s=+0.00  mc=10.0
  H1 trigger  t=1186739622.228  newsnr=5.08  m=(30.0,15.0) s=+0.00  mc=18.3
  H1 trigger  t=1186739628.002  newsnr=5.31  m=(16.7,13.3) s=+0.00  mc=13.0
  H1 trigger  t=1186739636.365  newsnr=5.00  m=(30.0,15.0) s=+0.00  mc=18.3
  H1 trigger  t=1186739637.545  newsnr=5.31  m=(9.0,3.0) s=+0.00  mc=4.4
  H1 trigger  t=1186739639.990  newsnr=5.46  m=(33.8,11.2) s=+0.00  mc=16.5
  H1 trigger  t=1186739646.479  newsnr=5.43  m=(6.7,5.3) s=+0.00  mc=5.2
  H1 trigger  t=1186739660.238  newsnr=5.30  m=(41.2,13.8) s=+0.00  mc=20.1
  H1 trigger  t=1186739661.997  newsnr=5.04  m=(36.7,18.3) s=+0.00  mc=22.3
  H1 trigger  t=1186739678.882  newsnr=5.03  m=(22.5,22.5) s=+0.00  mc=19.6
  H1 trigger  t=1186739685.988  newsnr=5.03  m=(6.0,6.0) s=+0.00  mc=5.2
  H1 trigger  t=1186739709.659  newsnr=5.36  m=(6.0,6.0) s=+0.00  mc=5.2
  H1 trigger  t=1186739721.620  newsnr=5.35  m=(6.7,5.3) s=+0.00  mc=5.2
  H1 trigger  t=1186739732.047  newsnr=5.29  m=(6.0,6.0) s=+0.00  mc=5.2
  H1 trigger  t=1186739734.485  newsnr=5.04  m=(80.0,20.0) s=+0.00  mc=33.3
  H1 trigger  t=1186739750.011  newsnr=5.44  m=(6.0,6.0) s=+0.00  mc=5.2
  H1 trigger  t=1186739762.015  newsnr=5.00  m=(8.0,4.0) s=+0.00  mc=4.9
  H1 trigger  t=1186739764.163  newsnr=5.01  m=(42.5,42.5) s=+0.00  mc=37.0
  H1 trigger  t=1186739766.365  newsnr=5.40  m=(15.0,5.0) s=+0.00  mc=7.3
  H1 trigger  t=1186739770.979  newsnr=5.04  m=(6.7,5.3) s=+0.00  mc=5.2
  H1 trigger  t=1186739777.287  newsnr=5.10  m=(12.0,8.0) s=+0.00  mc=8.5
  H1 trigger  t=1186739794.481  newsnr=5.11  m=(13.3,6.7) s=+0.00  mc=8.1
  H1 trigger  t=1186739798.700  newsnr=5.14  m=(6.7,5.3) s=+0.00  mc=5.2
  H1 trigger  t=1186739805.905  newsnr=5.02  m=(44.0,11.0) s=+0.00  mc=18.3
  H1 trigger  t=1186739814.800  newsnr=5.50  m=(20.0,10.0) s=+0.00  mc=12.2
  H1 trigger  t=1186739821.752  newsnr=5.89  m=(16.0,4.0) s=+0.00  mc=6.7
  H1 trigger  t=1186739878.225  newsnr=5.73  m=(41.2,13.8) s=+0.00  mc=20.1
  H1 trigger  t=1186739880.906  newsnr=5.58  m=(6.0,6.0) s=+0.00  mc=5.2
  H1 trigger  t=1186739890.599  newsnr=5.85  m=(20.0,10.0) s=+0.00  mc=12.2
  H1 trigger  t=1186739900.252  newsnr=7.63  m=(42.5,42.5) s=+0.00  mc=37.0
  H1 trigger  t=1186739902.682  newsnr=5.02  m=(22.5,7.5) s=+0.00  mc=11.0
  H1 trigger  t=1186739931.506  newsnr=5.54  m=(16.7,13.3) s=+0.00  mc=13.0
  H1 trigger  t=1186739933.226  newsnr=5.57  m=(8.0,4.0) s=+0.00  mc=4.9
  H1 trigger  t=1186739938.875  newsnr=5.05  m=(20.0,10.0) s=+0.00  mc=12.2
  H1 trigger  t=1186739941.456  newsnr=5.08  m=(11.1,8.9) s=+0.00  mc=8.6
  H1 trigger  t=1186739974.520  newsnr=5.15  m=(20.0,10.0) s=+0.00  mc=12.2
  H1 trigger  t=1186739978.779  newsnr=5.02  m=(15.0,5.0) s=+0.00  mc=7.3
  H1 trigger  t=1186739980.437  newsnr=5.24  m=(24.0,6.0) s=+0.00  mc=10.0
  H1 trigger  t=1186739992.524  newsnr=5.55  m=(18.0,12.0) s=+0.00  mc=12.7
  H1 trigger  t=1186739993.616  newsnr=5.23  m=(13.3,6.7) s=+0.00  mc=8.1
  H1 trigger  t=1186739999.018  newsnr=5.10  m=(33.8,11.2) s=+0.00  mc=16.5
  H1 trigger  t=1186740003.829  newsnr=5.66  m=(18.0,12.0) s=+0.00  mc=12.7
  H1 trigger  t=1186740017.196  newsnr=5.08  m=(6.7,5.3) s=+0.00  mc=5.2
  H1 trigger  t=1186740043.146  newsnr=5.20  m=(6.0,6.0) s=+0.00  mc=5.2
  H1 trigger  t=1186740050.361  newsnr=5.03  m=(10.0,10.0) s=+0.00  mc=8.7
  H1 trigger  t=1186740056.046  newsnr=5.60  m=(24.0,6.0) s=+0.00  mc=10.0
  H1 trigger  t=1186740067.112  newsnr=5.21  m=(12.0,8.0) s=+0.00  mc=8.5
  H1 trigger  t=1186740074.010  newsnr=5.06  m=(36.0,9.0) s=+0.00  mc=15.0
  H1 trigger  t=1186740082.070  newsnr=5.44  m=(15.0,15.0) s=+0.00  mc=13.1
  H1 trigger  t=1186740083.553  newsnr=5.02  m=(13.3,6.7) s=+0.00  mc=8.1
  H1 trigger  t=1186740088.185  newsnr=5.44  m=(7.2,4.8) s=+0.00  mc=5.1
  H1 trigger  t=1186740094.005  newsnr=5.56  m=(36.0,9.0) s=+0.00  mc=15.0
  H1 trigger  t=1186740101.817  newsnr=5.06  m=(9.0,3.0) s=+0.00  mc=4.4
  H1 trigger  t=1186740105.135  newsnr=5.32  m=(11.1,8.9) s=+0.00  mc=8.6
  H1 trigger  t=1186740110.287  newsnr=5.18  m=(80.0,20.0) s=+0.00  mc=33.3
  H1 trigger  t=1186740123.346  newsnr=5.07  m=(13.3,6.7) s=+0.00  mc=8.1
  H1 trigger  t=1186740125.397  newsnr=5.35  m=(7.2,4.8) s=+0.00  mc=5.1
  H1 trigger  t=1186740128.514  newsnr=5.04  m=(13.3,6.7) s=+0.00  mc=8.1
  H1 trigger  t=1186740137.750  newsnr=5.04  m=(30.0,15.0) s=+0.00  mc=18.3
  H1 trigger  t=1186740150.704  newsnr=5.12  m=(12.0,8.0) s=+0.00  mc=8.5
  H1 trigger  t=1186740151.958  newsnr=5.00  m=(15.0,15.0) s=+0.00  mc=13.1
  H1 trigger  t=1186740154.327  newsnr=5.07  m=(18.0,12.0) s=+0.00  mc=12.7
  H1 trigger  t=1186740157.032  newsnr=5.11  m=(48.8,16.2) s=+0.00  mc=23.8
  H1 trigger  t=1186740160.288  newsnr=5.02  m=(48.0,24.0) s=+0.00  mc=29.2
  H1 trigger  t=1186740165.108  newsnr=5.25  m=(44.0,11.0) s=+0.00  mc=18.3
  H1 trigger  t=1186740169.819  newsnr=5.09  m=(6.7,5.3) s=+0.00  mc=5.2
  H1 trigger  t=1186740171.305  newsnr=5.70  m=(36.7,18.3) s=+0.00  mc=22.3
  H1 trigger  t=1186740173.575  newsnr=5.31  m=(41.2,13.8) s=+0.00  mc=20.1
  H1 trigger  t=1186740177.679  newsnr=5.39  m=(16.0,4.0) s=+0.00  mc=6.7
  H1 trigger  t=1186740180.976  newsnr=5.26  m=(16.0,4.0) s=+0.00  mc=6.7
  H1 trigger  t=1186740186.036  newsnr=5.28  m=(33.8,11.2) s=+0.00  mc=16.5
  H1 trigger  t=1186740202.037  newsnr=5.22  m=(10.0,10.0) s=+0.00  mc=8.7
  H1 trigger  t=1186740207.259  newsnr=5.12  m=(12.0,8.0) s=+0.00  mc=8.5
  H1 trigger  t=1186740210.407  newsnr=5.16  m=(43.3,21.7) s=+0.00  mc=26.4
  H1 trigger  t=1186740215.152  newsnr=5.40  m=(16.0,4.0) s=+0.00  mc=6.7
  H1 trigger  t=1186740228.979  newsnr=5.12  m=(30.6,24.4) s=+0.00  mc=23.8
  H1 trigger  t=1186740231.553  newsnr=5.62  m=(15.0,5.0) s=+0.00  mc=7.3
  H1 trigger  t=1186740235.778  newsnr=5.00  m=(36.0,9.0) s=+0.00  mc=15.0
  H1 trigger  t=1186740243.843  newsnr=5.06  m=(8.0,4.0) s=+0.00  mc=4.9
  H1 trigger  t=1186740248.757  newsnr=5.09  m=(36.0,9.0) s=+0.00  mc=15.0
  H1 trigger  t=1186740253.536  newsnr=5.35  m=(30.6,24.4) s=+0.00  mc=23.8
  H1 trigger  t=1186740255.074  newsnr=5.16  m=(41.2,13.8) s=+0.00  mc=20.1
  H1 trigger  t=1186740264.479  newsnr=5.25  m=(13.3,6.7) s=+0.00  mc=8.1
  H1 trigger  t=1186740284.688  newsnr=5.05  m=(18.0,12.0) s=+0.00  mc=12.7
  H1 trigger  t=1186740293.585  newsnr=5.23  m=(48.8,16.2) s=+0.00  mc=23.8
  H1 trigger  t=1186740297.928  newsnr=5.13  m=(22.5,7.5) s=+0.00  mc=11.0
  H1 trigger  t=1186740303.075  newsnr=5.70  m=(24.0,6.0) s=+0.00  mc=10.0
  H1 trigger  t=1186740312.936  newsnr=5.14  m=(15.0,15.0) s=+0.00  mc=13.1
  H1 trigger  t=1186740318.677  newsnr=5.78  m=(24.0,6.0) s=+0.00  mc=10.0
  H1 trigger  t=1186740337.121  newsnr=5.33  m=(20.0,10.0) s=+0.00  mc=12.2
  H1 trigger  t=1186740342.729  newsnr=5.23  m=(39.0,26.0) s=+0.00  mc=27.6
  H1 trigger  t=1186740356.212  newsnr=5.07  m=(52.0,13.0) s=+0.00  mc=21.6
  H1 trigger  t=1186740360.782  newsnr=5.82  m=(24.0,6.0) s=+0.00  mc=10.0
  H1 trigger  t=1186740362.768  newsnr=5.47  m=(27.0,18.0) s=+0.00  mc=19.1
  H1 trigger  t=1186740368.452  newsnr=5.31  m=(6.7,5.3) s=+0.00  mc=5.2
  H1 trigger  t=1186740386.973  newsnr=5.13  m=(36.7,18.3) s=+0.00  mc=22.3
  H1 trigger  t=1186740392.924  newsnr=5.26  m=(24.0,6.0) s=+0.00  mc=10.0
  H1 trigger  t=1186740394.632  newsnr=5.80  m=(10.0,10.0) s=+0.00  mc=8.7
  H1 trigger  t=1186740396.923  newsnr=5.18  m=(22.5,22.5) s=+0.00  mc=19.6
  H1 trigger  t=1186740400.461  newsnr=5.34  m=(44.0,11.0) s=+0.00  mc=18.3
  H1 trigger  t=1186740430.880  newsnr=5.14  m=(8.0,4.0) s=+0.00  mc=4.9
  H1 trigger  t=1186740432.375  newsnr=5.22  m=(33.8,11.2) s=+0.00  mc=16.5
  H1 trigger  t=1186740434.786  newsnr=5.83  m=(36.0,9.0) s=+0.00  mc=15.0
  H1 trigger  t=1186740445.313  newsnr=5.10  m=(9.0,3.0) s=+0.00  mc=4.4
  H1 trigger  t=1186740450.024  newsnr=5.88  m=(41.2,13.8) s=+0.00  mc=20.1
  H1 trigger  t=1186740479.698  newsnr=5.18  m=(24.0,6.0) s=+0.00  mc=10.0
  H1 trigger  t=1186740481.261  newsnr=5.11  m=(18.0,12.0) s=+0.00  mc=12.7
  H1 trigger  t=1186740482.724  newsnr=6.14  m=(7.2,4.8) s=+0.00  mc=5.1
  H1 trigger  t=1186740489.399  newsnr=5.29  m=(22.5,7.5) s=+0.00  mc=11.0
  H1 trigger  t=1186740498.000  newsnr=5.44  m=(63.8,21.2) s=+0.00  mc=31.1
  H1 trigger  t=1186740505.653  newsnr=5.07  m=(22.5,7.5) s=+0.00  mc=11.0
  H1 trigger  t=1186740513.154  newsnr=5.47  m=(12.0,8.0) s=+0.00  mc=8.5
  H1 trigger  t=1186740531.997  newsnr=5.70  m=(7.2,4.8) s=+0.00  mc=5.1
  H1 trigger  t=1186740566.330  newsnr=5.00  m=(56.7,28.3) s=+0.00  mc=34.5
  H1 trigger  t=1186740569.670  newsnr=5.07  m=(39.0,26.0) s=+0.00  mc=27.6
  H1 trigger  t=1186740591.586  newsnr=5.14  m=(20.0,10.0) s=+0.00  mc=12.2
  H1 trigger  t=1186740606.501  newsnr=5.23  m=(8.0,4.0) s=+0.00  mc=4.9
  H1 trigger  t=1186740610.911  newsnr=5.32  m=(15.0,5.0) s=+0.00  mc=7.3
  H1 trigger  t=1186740632.180  newsnr=5.07  m=(43.3,21.7) s=+0.00  mc=26.4
  H1 trigger  t=1186740647.208  newsnr=5.18  m=(24.0,6.0) s=+0.00  mc=10.0
  H1 trigger  t=1186740654.939  newsnr=5.11  m=(39.0,26.0) s=+0.00  mc=27.6
  H1 trigger  t=1186740668.609  newsnr=5.25  m=(30.0,15.0) s=+0.00  mc=18.3
  H1 trigger  t=1186740676.725  newsnr=5.19  m=(27.5,27.5) s=+0.00  mc=23.9
  H1 trigger  t=1186740687.111  newsnr=5.14  m=(16.0,4.0) s=+0.00  mc=6.7
  H1 trigger  t=1186740706.624  newsnr=5.47  m=(16.0,4.0) s=+0.00  mc=6.7
  H1 trigger  t=1186740726.238  newsnr=5.05  m=(6.0,6.0) s=+0.00  mc=5.2
  H1 trigger  t=1186740734.321  newsnr=5.26  m=(22.5,22.5) s=+0.00  mc=19.6
  H1 trigger  t=1186740742.473  newsnr=5.18  m=(42.5,42.5) s=+0.00  mc=37.0
  H1 trigger  t=1186740750.833  newsnr=5.26  m=(12.0,8.0) s=+0.00  mc=8.5
  H1 trigger  t=1186740759.565  newsnr=5.70  m=(41.2,13.8) s=+0.00  mc=20.1
  H1 trigger  t=1186740789.106  newsnr=5.43  m=(41.2,13.8) s=+0.00  mc=20.1
  H1 trigger  t=1186740802.328  newsnr=5.30  m=(32.5,32.5) s=+0.00  mc=28.3
  H1 trigger  t=1186740805.219  newsnr=5.00  m=(36.0,9.0) s=+0.00  mc=15.0
  H1 trigger  t=1186740809.241  newsnr=5.23  m=(44.0,11.0) s=+0.00  mc=18.3
  H1 trigger  t=1186740810.390  newsnr=5.16  m=(9.0,3.0) s=+0.00  mc=4.4
  H1 trigger  t=1186740815.396  newsnr=5.02  m=(27.5,27.5) s=+0.00  mc=23.9
  H1 trigger  t=1186740833.522  newsnr=5.19  m=(48.8,16.2) s=+0.00  mc=23.8
  H1 trigger  t=1186740847.866  newsnr=5.55  m=(60.0,40.0) s=+0.00  mc=42.5
  H1 trigger  t=1186740851.212  newsnr=5.07  m=(15.0,15.0) s=+0.00  mc=13.1
  H1 trigger  t=1186740856.730  newsnr=5.16  m=(44.0,11.0) s=+0.00  mc=18.3
  H1 trigger  t=1186740867.667  newsnr=5.16  m=(22.5,7.5) s=+0.00  mc=11.0
  H1 trigger  t=1186740881.603  newsnr=5.34  m=(24.0,6.0) s=+0.00  mc=10.0
  H1 trigger  t=1186740882.676  newsnr=5.24  m=(10.0,10.0) s=+0.00  mc=8.7
  H1 trigger  t=1186740890.680  newsnr=5.24  m=(7.2,4.8) s=+0.00  mc=5.1
  H1 trigger  t=1186740906.761  newsnr=5.25  m=(56.7,28.3) s=+0.00  mc=34.5
  H1 trigger  t=1186740910.517  newsnr=5.07  m=(6.0,6.0) s=+0.00  mc=5.2
  H1 trigger  t=1186740912.550  newsnr=5.11  m=(43.2,28.8) s=+0.00  mc=30.6
  H1 trigger  t=1186740921.365  newsnr=5.09  m=(6.7,5.3) s=+0.00  mc=5.2
  H1 trigger  t=1186740924.793  newsnr=5.31  m=(36.1,28.9) s=+0.00  mc=28.1
  H1 trigger  t=1186740935.629  newsnr=5.45  m=(41.2,13.8) s=+0.00  mc=20.1
  H1 trigger  t=1186740937.487  newsnr=5.47  m=(13.3,6.7) s=+0.00  mc=8.1
  H1 trigger  t=1186740943.415  newsnr=5.11  m=(24.0,6.0) s=+0.00  mc=10.0
  H1 trigger  t=1186740954.385  newsnr=5.09  m=(16.0,4.0) s=+0.00  mc=6.7
  H1 trigger  t=1186740958.353  newsnr=5.23  m=(27.0,18.0) s=+0.00  mc=19.1
  H1 trigger  t=1186740959.863  newsnr=5.17  m=(8.0,4.0) s=+0.00  mc=4.9
  H1 trigger  t=1186740965.685  newsnr=5.03  m=(36.0,9.0) s=+0.00  mc=15.0
  H1 trigger  t=1186740969.983  newsnr=5.00  m=(9.6,2.4) s=+0.00  mc=4.0
  H1 trigger  t=1186740974.823  newsnr=5.15  m=(27.0,18.0) s=+0.00  mc=19.1
  H1 trigger  t=1186741000.177  newsnr=5.20  m=(20.0,10.0) s=+0.00  mc=12.2
  H1 trigger  t=1186741019.886  newsnr=5.04  m=(30.0,15.0) s=+0.00  mc=18.3
  H1 trigger  t=1186741030.270  newsnr=5.05  m=(24.0,6.0) s=+0.00  mc=10.0
  H1 trigger  t=1186741041.189  newsnr=5.11  m=(30.0,15.0) s=+0.00  mc=18.3
  H1 trigger  t=1186741043.517  newsnr=5.16  m=(24.0,6.0) s=+0.00  mc=10.0
  H1 trigger  t=1186741045.124  newsnr=5.18  m=(20.0,10.0) s=+0.00  mc=12.2
  H1 trigger  t=1186741054.109  newsnr=5.21  m=(10.0,10.0) s=+0.00  mc=8.7
  H1 trigger  t=1186741072.087  newsnr=5.05  m=(9.0,3.0) s=+0.00  mc=4.4
  H1 trigger  t=1186741091.299  newsnr=5.87  m=(7.2,4.8) s=+0.00  mc=5.1
  H1 trigger  t=1186741110.243  newsnr=5.24  m=(6.0,6.0) s=+0.00  mc=5.2
  H1 trigger  t=1186741127.145  newsnr=5.04  m=(9.0,3.0) s=+0.00  mc=4.4
  H1 trigger  t=1186741145.695  newsnr=5.35  m=(13.3,6.7) s=+0.00  mc=8.1
  H1 trigger  t=1186741151.344  newsnr=5.03  m=(75.0,25.0) s=+0.00  mc=36.6
  H1 trigger  t=1186741162.357  newsnr=5.12  m=(9.6,2.4) s=+0.00  mc=4.0
  H1 trigger  t=1186741163.819  newsnr=5.36  m=(15.0,15.0) s=+0.00  mc=13.1
  H1 trigger  t=1186741167.872  newsnr=5.11  m=(52.0,13.0) s=+0.00  mc=21.6
  H1 trigger  t=1186741168.968  newsnr=5.22  m=(10.0,10.0) s=+0.00  mc=8.7
  H1 trigger  t=1186741174.750  newsnr=5.14  m=(9.0,3.0) s=+0.00  mc=4.4
  H1 trigger  t=1186741195.230  newsnr=5.07  m=(6.7,5.3) s=+0.00  mc=5.2
  H1 trigger  t=1186741213.227  newsnr=5.21  m=(13.3,6.7) s=+0.00  mc=8.1
  H1 trigger  t=1186741218.181  newsnr=5.23  m=(18.0,12.0) s=+0.00  mc=12.7
  H1 trigger  t=1186741222.332  newsnr=5.47  m=(33.0,22.0) s=+0.00  mc=23.4
  H1 trigger  t=1186741229.686  newsnr=5.13  m=(22.5,7.5) s=+0.00  mc=11.0
  H1 trigger  t=1186741230.748  newsnr=5.23  m=(16.0,4.0) s=+0.00  mc=6.7
  H1 trigger  t=1186741236.390  newsnr=5.13  m=(8.0,4.0) s=+0.00  mc=4.9
  H1 trigger  t=1186741238.301  newsnr=5.46  m=(9.6,2.4) s=+0.00  mc=4.0
  H1 trigger  t=1186741247.011  newsnr=5.09  m=(16.0,4.0) s=+0.00  mc=6.7
  H1 trigger  t=1186741253.099  newsnr=5.03  m=(54.0,18.0) s=+0.00  mc=26.4
  H1 trigger  t=1186741269.123  newsnr=5.30  m=(18.0,12.0) s=+0.00  mc=12.7
  H1 trigger  t=1186741275.217  newsnr=5.07  m=(30.0,15.0) s=+0.00  mc=18.3
  H1 trigger  t=1186741279.522  newsnr=5.02  m=(42.5,42.5) s=+0.00  mc=37.0
  H1 trigger  t=1186741292.491  newsnr=5.38  m=(8.0,4.0) s=+0.00  mc=4.9
  H1 trigger  t=1186741321.316  newsnr=5.54  m=(15.0,5.0) s=+0.00  mc=7.3
  H1 trigger  t=1186741336.033  newsnr=5.36  m=(36.0,9.0) s=+0.00  mc=15.0
  H1 trigger  t=1186741347.099  newsnr=5.12  m=(36.7,18.3) s=+0.00  mc=22.3
  H1 trigger  t=1186741351.551  newsnr=5.12  m=(27.0,18.0) s=+0.00  mc=19.1
  H1 trigger  t=1186741354.917  newsnr=5.37  m=(6.7,5.3) s=+0.00  mc=5.2
  H1 trigger  t=1186741359.241  newsnr=5.14  m=(24.0,6.0) s=+0.00  mc=10.0
  H1 trigger  t=1186741361.227  newsnr=5.53  m=(16.7,13.3) s=+0.00  mc=13.0
  H1 trigger  t=1186741363.187  newsnr=5.41  m=(24.0,6.0) s=+0.00  mc=10.0
  H1 trigger  t=1186741371.426  newsnr=5.09  m=(20.0,10.0) s=+0.00  mc=12.2
  H1 trigger  t=1186741376.998  newsnr=5.35  m=(18.0,12.0) s=+0.00  mc=12.7
  H1 trigger  t=1186741384.070  newsnr=5.65  m=(9.6,2.4) s=+0.00  mc=4.0
  H1 trigger  t=1186741390.327  newsnr=5.48  m=(8.0,4.0) s=+0.00  mc=4.9
  H1 trigger  t=1186741393.601  newsnr=5.02  m=(22.5,7.5) s=+0.00  mc=11.0
  H1 trigger  t=1186741400.410  newsnr=5.04  m=(36.0,9.0) s=+0.00  mc=15.0
  H1 trigger  t=1186741410.276  newsnr=5.18  m=(6.0,6.0) s=+0.00  mc=5.2
  H1 trigger  t=1186741425.780  newsnr=5.66  m=(9.0,3.0) s=+0.00  mc=4.4
  H1 trigger  t=1186741447.029  newsnr=5.16  m=(12.0,8.0) s=+0.00  mc=8.5
  H1 trigger  t=1186741458.781  newsnr=5.40  m=(36.7,18.3) s=+0.00  mc=22.3
  H1 trigger  t=1186741460.261  newsnr=5.57  m=(80.0,20.0) s=+0.00  mc=33.3
  H1 trigger  t=1186741462.495  newsnr=5.18  m=(16.0,4.0) s=+0.00  mc=6.7
  H1 trigger  t=1186741467.242  newsnr=5.14  m=(44.0,11.0) s=+0.00  mc=18.3
  H1 trigger  t=1186741476.360  newsnr=5.06  m=(41.2,13.8) s=+0.00  mc=20.1
  H1 trigger  t=1186741478.312  newsnr=5.01  m=(15.0,15.0) s=+0.00  mc=13.1
  H1 trigger  t=1186741485.162  newsnr=5.05  m=(8.0,4.0) s=+0.00  mc=4.9
  H1 trigger  t=1186741486.938  newsnr=5.26  m=(16.7,13.3) s=+0.00  mc=13.0
  H1 trigger  t=1186741489.824  newsnr=5.16  m=(44.0,11.0) s=+0.00  mc=18.3
  H1 trigger  t=1186741492.764  newsnr=5.15  m=(15.0,5.0) s=+0.00  mc=7.3
  H1 trigger  t=1186741496.085  newsnr=5.17  m=(18.0,12.0) s=+0.00  mc=12.7
  H1 trigger  t=1186741502.679  newsnr=5.92  m=(43.3,21.7) s=+0.00  mc=26.4
  H1 trigger  t=1186741505.750  newsnr=5.07  m=(16.7,13.3) s=+0.00  mc=13.0
  H1 trigger  t=1186741510.218  newsnr=5.62  m=(6.0,6.0) s=+0.00  mc=5.2
  H1 trigger  t=1186741538.094  newsnr=5.71  m=(12.0,8.0) s=+0.00  mc=8.5
  H1 trigger  t=1186741544.324  newsnr=5.02  m=(11.1,8.9) s=+0.00  mc=8.6
  H1 trigger  t=1186741546.282  newsnr=5.15  m=(27.5,27.5) s=+0.00  mc=23.9
  H1 trigger  t=1186741550.854  newsnr=5.34  m=(30.0,15.0) s=+0.00  mc=18.3
  H1 trigger  t=1186741570.016  newsnr=5.01  m=(18.0,12.0) s=+0.00  mc=12.7
  H1 trigger  t=1186741571.367  newsnr=5.13  m=(13.3,6.7) s=+0.00  mc=8.1
  H1 trigger  t=1186741573.967  newsnr=5.91  m=(12.0,8.0) s=+0.00  mc=8.5
  H1 trigger  t=1186741587.765  newsnr=5.17  m=(7.2,4.8) s=+0.00  mc=5.1
  H1 trigger  t=1186741590.518  newsnr=5.03  m=(80.0,20.0) s=+0.00  mc=33.3
  H1 trigger  t=1186741609.414  newsnr=5.41  m=(30.0,15.0) s=+0.00  mc=18.3
  H1 trigger  t=1186741610.792  newsnr=5.38  m=(8.0,4.0) s=+0.00  mc=4.9
  H1 trigger  t=1186741615.334  newsnr=6.11  m=(15.0,5.0) s=+0.00  mc=7.3
  H1 trigger  t=1186741617.545  newsnr=5.13  m=(44.0,11.0) s=+0.00  mc=18.3
  H1 trigger  t=1186741621.361  newsnr=5.70  m=(16.7,13.3) s=+0.00  mc=13.0
  H1 trigger  t=1186741622.573  newsnr=5.04  m=(8.0,4.0) s=+0.00  mc=4.9
  H1 trigger  t=1186741629.595  newsnr=5.08  m=(36.0,9.0) s=+0.00  mc=15.0
  H1 trigger  t=1186741640.461  newsnr=5.25  m=(18.0,12.0) s=+0.00  mc=12.7
  H1 trigger  t=1186741643.562  newsnr=5.07  m=(11.1,8.9) s=+0.00  mc=8.6
  H1 trigger  t=1186741645.279  newsnr=5.09  m=(30.6,24.4) s=+0.00  mc=23.8
  H1 trigger  t=1186741670.038  newsnr=5.06  m=(25.0,20.0) s=+0.00  mc=19.4
  H1 trigger  t=1186741676.375  newsnr=5.12  m=(36.0,9.0) s=+0.00  mc=15.0
  H1 trigger  t=1186741682.912  newsnr=5.15  m=(6.0,6.0) s=+0.00  mc=5.2
  H1 trigger  t=1186741691.111  newsnr=5.16  m=(48.8,16.2) s=+0.00  mc=23.8
  H1 trigger  t=1186741700.458  newsnr=5.02  m=(8.0,4.0) s=+0.00  mc=4.9
  H1 trigger  t=1186741702.307  newsnr=5.30  m=(7.2,4.8) s=+0.00  mc=5.1
  H1 trigger  t=1186741713.389  newsnr=5.22  m=(6.7,5.3) s=+0.00  mc=5.2
  H1 trigger  t=1186741720.443  newsnr=5.19  m=(15.0,5.0) s=+0.00  mc=7.3
  H1 trigger  t=1186741769.134  newsnr=5.01  m=(33.8,11.2) s=+0.00  mc=16.5
  H1 trigger  t=1186741770.294  newsnr=5.19  m=(43.3,21.7) s=+0.00  mc=26.4
  H1 trigger  t=1186741772.037  newsnr=5.30  m=(24.0,6.0) s=+0.00  mc=10.0
  H1 trigger  t=1186741780.474  newsnr=5.37  m=(6.7,5.3) s=+0.00  mc=5.2
  H1 trigger  t=1186741784.235  newsnr=5.09  m=(15.0,15.0) s=+0.00  mc=13.1
  H1 trigger  t=1186741787.958  newsnr=5.07  m=(9.6,2.4) s=+0.00  mc=4.0
  H1 trigger  t=1186741790.625  newsnr=5.47  m=(6.7,5.3) s=+0.00  mc=5.2
  H1 trigger  t=1186741810.754  newsnr=5.24  m=(22.5,7.5) s=+0.00  mc=11.0
  H1 trigger  t=1186741843.410  newsnr=5.01  m=(8.0,4.0) s=+0.00  mc=4.9
  H1 trigger  t=1186741861.533  newsnr=9.22  m=(43.3,21.7) s=+0.00  mc=26.4
  H1 trigger  t=1186741865.715  newsnr=5.08  m=(10.0,10.0) s=+0.00  mc=8.7
  H1 trigger  t=1186741869.579  newsnr=5.10  m=(22.5,7.5) s=+0.00  mc=11.0
  H1 trigger  t=1186741878.186  newsnr=5.08  m=(12.0,8.0) s=+0.00  mc=8.5
  H1 trigger  t=1186741879.219  newsnr=5.18  m=(6.0,6.0) s=+0.00  mc=5.2
  H1 trigger  t=1186741882.468  newsnr=5.33  m=(56.7,28.3) s=+0.00  mc=34.5
  H1 trigger  t=1186741888.204  newsnr=5.33  m=(20.0,10.0) s=+0.00  mc=12.2
  H1 trigger  t=1186741896.555  newsnr=5.01  m=(22.5,22.5) s=+0.00  mc=19.6
  H1 trigger  t=1186741905.312  newsnr=5.01  m=(10.0,10.0) s=+0.00  mc=8.7
  H1 trigger  t=1186741919.066  newsnr=5.80  m=(27.0,18.0) s=+0.00  mc=19.1
  H1 trigger  t=1186741923.009  newsnr=5.40  m=(15.0,15.0) s=+0.00  mc=13.1
  H1 trigger  t=1186741924.431  newsnr=5.23  m=(36.0,9.0) s=+0.00  mc=15.0
  H1 trigger  t=1186741956.435  newsnr=5.14  m=(9.0,3.0) s=+0.00  mc=4.4
  H1 trigger  t=1186741983.285  newsnr=5.06  m=(13.3,6.7) s=+0.00  mc=8.1
  H1 trigger  t=1186741989.110  newsnr=5.30  m=(30.0,15.0) s=+0.00  mc=18.3
  H1 trigger  t=1186741991.129  newsnr=5.11  m=(6.0,6.0) s=+0.00  mc=5.2
  H1 trigger  t=1186741998.472  newsnr=5.40  m=(44.0,11.0) s=+0.00  mc=18.3
  H1 trigger  t=1186742020.521  newsnr=5.03  m=(15.0,5.0) s=+0.00  mc=7.3
  H1 trigger  t=1186742046.770  newsnr=5.57  m=(36.0,9.0) s=+0.00  mc=15.0
  H1 trigger  t=1186742050.989  newsnr=5.25  m=(15.0,5.0) s=+0.00  mc=7.3
  H1 trigger  t=1186742051.998  newsnr=5.02  m=(44.0,11.0) s=+0.00  mc=18.3
  H1 trigger  t=1186742064.333  newsnr=5.10  m=(54.0,18.0) s=+0.00  mc=26.4
  H1 trigger  t=1186742098.937  newsnr=5.63  m=(44.0,11.0) s=+0.00  mc=18.3
  H1 trigger  t=1186742107.073  newsnr=5.29  m=(33.8,11.2) s=+0.00  mc=16.5
  H1 trigger  t=1186742109.490  newsnr=5.37  m=(18.0,12.0) s=+0.00  mc=12.7
  H1 trigger  t=1186742119.869  newsnr=5.08  m=(9.6,2.4) s=+0.00  mc=4.0
  H1 trigger  t=1186742122.275  newsnr=5.23  m=(20.0,10.0) s=+0.00  mc=12.2
  H1 trigger  t=1186742130.785  newsnr=5.24  m=(24.0,6.0) s=+0.00  mc=10.0
  H1 trigger  t=1186742151.495  newsnr=5.21  m=(6.7,5.3) s=+0.00  mc=5.2
  H1 trigger  t=1186742154.537  newsnr=5.15  m=(12.0,8.0) s=+0.00  mc=8.5
  H1 trigger  t=1186742188.819  newsnr=5.13  m=(7.2,4.8) s=+0.00  mc=5.1
  H1 trigger  t=1186742195.740  newsnr=5.16  m=(36.0,9.0) s=+0.00  mc=15.0
  H1 trigger  t=1186742198.364  newsnr=5.41  m=(9.0,3.0) s=+0.00  mc=4.4
  L1 trigger  t=1186738205.947  newsnr=5.02  m=(24.0,6.0) s=+0.00  mc=10.0
  L1 trigger  t=1186738211.314  newsnr=5.16  m=(44.0,11.0) s=+0.00  mc=18.3
  L1 trigger  t=1186738212.781  newsnr=5.42  m=(36.7,18.3) s=+0.00  mc=22.3
  L1 trigger  t=1186738215.443  newsnr=5.19  m=(9.0,3.0) s=+0.00  mc=4.4
  L1 trigger  t=1186738217.225  newsnr=5.01  m=(33.0,22.0) s=+0.00  mc=23.4
  L1 trigger  t=1186738220.348  newsnr=5.95  m=(43.3,21.7) s=+0.00  mc=26.4
  L1 trigger  t=1186738226.128  newsnr=5.21  m=(18.0,12.0) s=+0.00  mc=12.7
  L1 trigger  t=1186738233.534  newsnr=5.07  m=(24.0,6.0) s=+0.00  mc=10.0
  L1 trigger  t=1186738236.039  newsnr=5.28  m=(9.0,3.0) s=+0.00  mc=4.4
  L1 trigger  t=1186738246.502  newsnr=5.32  m=(56.7,28.3) s=+0.00  mc=34.5
  L1 trigger  t=1186738250.120  newsnr=5.28  m=(27.5,27.5) s=+0.00  mc=23.9
  L1 trigger  t=1186738254.636  newsnr=5.17  m=(43.3,21.7) s=+0.00  mc=26.4
  L1 trigger  t=1186738257.963  newsnr=5.38  m=(18.0,12.0) s=+0.00  mc=12.7
  L1 trigger  t=1186738274.104  newsnr=5.52  m=(27.5,27.5) s=+0.00  mc=23.9
  L1 trigger  t=1186738279.940  newsnr=5.10  m=(8.0,4.0) s=+0.00  mc=4.9
  L1 trigger  t=1186738282.670  newsnr=5.02  m=(10.0,10.0) s=+0.00  mc=8.7
  L1 trigger  t=1186738285.093  newsnr=5.13  m=(33.8,11.2) s=+0.00  mc=16.5
  L1 trigger  t=1186738289.475  newsnr=5.03  m=(27.5,27.5) s=+0.00  mc=23.9
  L1 trigger  t=1186738290.879  newsnr=5.38  m=(25.0,20.0) s=+0.00  mc=19.4
  L1 trigger  t=1186738298.594  newsnr=5.19  m=(15.0,15.0) s=+0.00  mc=13.1
  L1 trigger  t=1186738305.897  newsnr=5.10  m=(24.0,6.0) s=+0.00  mc=10.0
  L1 trigger  t=1186738310.408  newsnr=5.00  m=(15.0,5.0) s=+0.00  mc=7.3
  L1 trigger  t=1186738320.703  newsnr=5.15  m=(33.0,22.0) s=+0.00  mc=23.4
  L1 trigger  t=1186738322.167  newsnr=5.50  m=(43.3,21.7) s=+0.00  mc=26.4
  L1 trigger  t=1186738332.334  newsnr=5.28  m=(36.0,9.0) s=+0.00  mc=15.0
  L1 trigger  t=1186738334.640  newsnr=5.07  m=(13.3,6.7) s=+0.00  mc=8.1
  L1 trigger  t=1186738336.688  newsnr=5.38  m=(9.6,2.4) s=+0.00  mc=4.0
  L1 trigger  t=1186738346.069  newsnr=5.20  m=(13.3,6.7) s=+0.00  mc=8.1
  L1 trigger  t=1186738354.040  newsnr=5.28  m=(22.5,7.5) s=+0.00  mc=11.0
  L1 trigger  t=1186738371.158  newsnr=5.05  m=(9.0,3.0) s=+0.00  mc=4.4
  L1 trigger  t=1186738378.789  newsnr=5.09  m=(16.0,4.0) s=+0.00  mc=6.7
  L1 trigger  t=1186738385.060  newsnr=5.16  m=(33.8,11.2) s=+0.00  mc=16.5
  L1 trigger  t=1186738386.789  newsnr=5.08  m=(68.0,17.0) s=+0.00  mc=28.3
  L1 trigger  t=1186738389.042  newsnr=5.53  m=(48.0,24.0) s=+0.00  mc=29.2
  L1 trigger  t=1186738391.131  newsnr=5.12  m=(36.7,18.3) s=+0.00  mc=22.3
  L1 trigger  t=1186738396.477  newsnr=5.28  m=(24.0,6.0) s=+0.00  mc=10.0
  L1 trigger  t=1186738403.472  newsnr=5.27  m=(27.5,27.5) s=+0.00  mc=23.9
  L1 trigger  t=1186738410.320  newsnr=5.57  m=(10.0,10.0) s=+0.00  mc=8.7
  L1 trigger  t=1186738412.679  newsnr=5.07  m=(9.6,2.4) s=+0.00  mc=4.0
  L1 trigger  t=1186738421.487  newsnr=5.08  m=(11.1,8.9) s=+0.00  mc=8.6
  L1 trigger  t=1186738426.286  newsnr=5.47  m=(10.0,10.0) s=+0.00  mc=8.7
  L1 trigger  t=1186738434.723  newsnr=5.04  m=(36.0,9.0) s=+0.00  mc=15.0
  L1 trigger  t=1186738438.521  newsnr=5.18  m=(48.8,16.2) s=+0.00  mc=23.8
  L1 trigger  t=1186738449.712  newsnr=6.35  m=(20.0,10.0) s=+0.00  mc=12.2
  L1 trigger  t=1186738455.475  newsnr=5.13  m=(27.5,27.5) s=+0.00  mc=23.9
  L1 trigger  t=1186738458.087  newsnr=5.35  m=(13.3,6.7) s=+0.00  mc=8.1
  L1 trigger  t=1186738459.903  newsnr=5.03  m=(18.0,12.0) s=+0.00  mc=12.7
  L1 trigger  t=1186738461.268  newsnr=6.16  m=(8.0,4.0) s=+0.00  mc=4.9
  L1 trigger  t=1186738465.082  newsnr=5.09  m=(6.7,5.3) s=+0.00  mc=5.2
  L1 trigger  t=1186738469.361  newsnr=5.30  m=(20.0,10.0) s=+0.00  mc=12.2
  L1 trigger  t=1186738474.254  newsnr=5.26  m=(56.7,28.3) s=+0.00  mc=34.5
  L1 trigger  t=1186738480.004  newsnr=5.21  m=(24.0,6.0) s=+0.00  mc=10.0
  L1 trigger  t=1186738481.524  newsnr=5.14  m=(48.0,24.0) s=+0.00  mc=29.2
  L1 trigger  t=1186738483.611  newsnr=5.20  m=(30.0,15.0) s=+0.00  mc=18.3
  L1 trigger  t=1186738488.811  newsnr=5.45  m=(33.0,22.0) s=+0.00  mc=23.4
  L1 trigger  t=1186738493.917  newsnr=5.00  m=(15.0,15.0) s=+0.00  mc=13.1
  L1 trigger  t=1186738495.581  newsnr=5.42  m=(48.8,16.2) s=+0.00  mc=23.8
  L1 trigger  t=1186738502.783  newsnr=5.15  m=(9.0,3.0) s=+0.00  mc=4.4
  L1 trigger  t=1186738505.876  newsnr=5.21  m=(6.0,6.0) s=+0.00  mc=5.2
  L1 trigger  t=1186738511.417  newsnr=5.22  m=(33.8,11.2) s=+0.00  mc=16.5
  L1 trigger  t=1186738516.108  newsnr=5.33  m=(48.8,16.2) s=+0.00  mc=23.8
  L1 trigger  t=1186738526.211  newsnr=5.05  m=(16.0,4.0) s=+0.00  mc=6.7
  L1 trigger  t=1186738540.884  newsnr=5.18  m=(63.8,21.2) s=+0.00  mc=31.1
  L1 trigger  t=1186738550.968  newsnr=5.32  m=(22.5,7.5) s=+0.00  mc=11.0
  L1 trigger  t=1186738560.889  newsnr=5.15  m=(9.6,2.4) s=+0.00  mc=4.0
  L1 trigger  t=1186738570.341  newsnr=5.08  m=(36.7,18.3) s=+0.00  mc=22.3
  L1 trigger  t=1186738575.760  newsnr=5.68  m=(20.0,10.0) s=+0.00  mc=12.2
  L1 trigger  t=1186738580.658  newsnr=5.11  m=(42.5,42.5) s=+0.00  mc=37.0
  L1 trigger  t=1186738582.428  newsnr=5.14  m=(27.0,18.0) s=+0.00  mc=19.1
  L1 trigger  t=1186738585.540  newsnr=5.09  m=(41.2,13.8) s=+0.00  mc=20.1
  L1 trigger  t=1186738588.146  newsnr=5.01  m=(16.7,13.3) s=+0.00  mc=13.0
  L1 trigger  t=1186738594.254  newsnr=5.10  m=(22.5,22.5) s=+0.00  mc=19.6
  L1 trigger  t=1186738597.178  newsnr=5.04  m=(39.0,26.0) s=+0.00  mc=27.6
  L1 trigger  t=1186738600.500  newsnr=5.18  m=(13.3,6.7) s=+0.00  mc=8.1
  L1 trigger  t=1186738602.526  newsnr=5.51  m=(43.3,21.7) s=+0.00  mc=26.4
  L1 trigger  t=1186738607.146  newsnr=5.08  m=(41.2,13.8) s=+0.00  mc=20.1
  L1 trigger  t=1186738620.147  newsnr=5.13  m=(24.0,6.0) s=+0.00  mc=10.0
  L1 trigger  t=1186738626.285  newsnr=5.08  m=(42.5,42.5) s=+0.00  mc=37.0
  L1 trigger  t=1186738633.708  newsnr=5.09  m=(20.0,10.0) s=+0.00  mc=12.2
  L1 trigger  t=1186738647.093  newsnr=5.07  m=(20.0,10.0) s=+0.00  mc=12.2
  L1 trigger  t=1186738651.905  newsnr=5.56  m=(9.6,2.4) s=+0.00  mc=4.0
  L1 trigger  t=1186738676.434  newsnr=5.26  m=(43.2,28.8) s=+0.00  mc=30.6
  L1 trigger  t=1186738678.340  newsnr=5.04  m=(30.0,15.0) s=+0.00  mc=18.3
  L1 trigger  t=1186738685.135  newsnr=5.11  m=(30.0,15.0) s=+0.00  mc=18.3
  L1 trigger  t=1186738686.202  newsnr=5.06  m=(20.0,10.0) s=+0.00  mc=12.2
  L1 trigger  t=1186738713.078  newsnr=5.10  m=(12.0,8.0) s=+0.00  mc=8.5
  L1 trigger  t=1186738724.417  newsnr=5.03  m=(11.1,8.9) s=+0.00  mc=8.6
  L1 trigger  t=1186738727.210  newsnr=5.87  m=(68.0,17.0) s=+0.00  mc=28.3
  L1 trigger  t=1186738728.516  newsnr=5.01  m=(13.3,6.7) s=+0.00  mc=8.1
  L1 trigger  t=1186738730.298  newsnr=5.22  m=(6.7,5.3) s=+0.00  mc=5.2
  L1 trigger  t=1186738731.527  newsnr=5.01  m=(11.1,8.9) s=+0.00  mc=8.6
  L1 trigger  t=1186738734.744  newsnr=5.06  m=(48.0,24.0) s=+0.00  mc=29.2
  L1 trigger  t=1186738736.507  newsnr=5.00  m=(16.7,13.3) s=+0.00  mc=13.0
  L1 trigger  t=1186738744.123  newsnr=5.14  m=(48.8,16.2) s=+0.00  mc=23.8
  L1 trigger  t=1186738751.960  newsnr=5.05  m=(36.0,9.0) s=+0.00  mc=15.0
  L1 trigger  t=1186738780.356  newsnr=5.13  m=(9.0,3.0) s=+0.00  mc=4.4
  L1 trigger  t=1186738785.531  newsnr=5.07  m=(11.1,8.9) s=+0.00  mc=8.6
  L1 trigger  t=1186738787.979  newsnr=5.13  m=(6.7,5.3) s=+0.00  mc=5.2
  L1 trigger  t=1186738789.578  newsnr=5.20  m=(48.0,24.0) s=+0.00  mc=29.2
  L1 trigger  t=1186738795.342  newsnr=5.13  m=(33.8,11.2) s=+0.00  mc=16.5
  L1 trigger  t=1186738802.113  newsnr=5.31  m=(6.7,5.3) s=+0.00  mc=5.2
  L1 trigger  t=1186738807.843  newsnr=5.09  m=(33.8,11.2) s=+0.00  mc=16.5
  L1 trigger  t=1186738814.571  newsnr=5.09  m=(52.0,13.0) s=+0.00  mc=21.6
  L1 trigger  t=1186738816.199  newsnr=5.15  m=(9.6,2.4) s=+0.00  mc=4.0
  L1 trigger  t=1186738823.353  newsnr=5.19  m=(33.8,11.2) s=+0.00  mc=16.5
  L1 trigger  t=1186738828.981  newsnr=5.78  m=(16.0,4.0) s=+0.00  mc=6.7
  L1 trigger  t=1186738842.283  newsnr=5.68  m=(43.2,28.8) s=+0.00  mc=30.6
  L1 trigger  t=1186738845.553  newsnr=5.12  m=(9.0,3.0) s=+0.00  mc=4.4
  L1 trigger  t=1186738850.478  newsnr=5.25  m=(16.0,4.0) s=+0.00  mc=6.7
  L1 trigger  t=1186738858.485  newsnr=5.06  m=(7.2,4.8) s=+0.00  mc=5.1
  L1 trigger  t=1186738866.210  newsnr=5.17  m=(9.6,2.4) s=+0.00  mc=4.0
  L1 trigger  t=1186738867.718  newsnr=5.12  m=(9.0,3.0) s=+0.00  mc=4.4
  L1 trigger  t=1186738870.937  newsnr=5.01  m=(7.2,4.8) s=+0.00  mc=5.1
  L1 trigger  t=1186738872.447  newsnr=5.00  m=(52.0,13.0) s=+0.00  mc=21.6
  L1 trigger  t=1186738873.739  newsnr=5.20  m=(15.0,15.0) s=+0.00  mc=13.1
  L1 trigger  t=1186738889.321  newsnr=5.15  m=(22.5,7.5) s=+0.00  mc=11.0
  L1 trigger  t=1186738892.095  newsnr=5.49  m=(36.1,28.9) s=+0.00  mc=28.1
  L1 trigger  t=1186738893.882  newsnr=5.25  m=(6.7,5.3) s=+0.00  mc=5.2
  L1 trigger  t=1186738898.505  newsnr=5.41  m=(15.0,15.0) s=+0.00  mc=13.1
  L1 trigger  t=1186738899.815  newsnr=5.19  m=(16.0,4.0) s=+0.00  mc=6.7
  L1 trigger  t=1186738903.660  newsnr=5.39  m=(10.0,10.0) s=+0.00  mc=8.7
  L1 trigger  t=1186738906.155  newsnr=5.17  m=(20.0,10.0) s=+0.00  mc=12.2
  L1 trigger  t=1186738912.506  newsnr=5.21  m=(8.0,4.0) s=+0.00  mc=4.9
  L1 trigger  t=1186738922.093  newsnr=5.06  m=(33.0,22.0) s=+0.00  mc=23.4
  L1 trigger  t=1186738925.759  newsnr=5.13  m=(22.5,22.5) s=+0.00  mc=19.6
  L1 trigger  t=1186738934.291  newsnr=5.02  m=(15.0,15.0) s=+0.00  mc=13.1
  L1 trigger  t=1186738938.544  newsnr=5.07  m=(8.0,4.0) s=+0.00  mc=4.9
  L1 trigger  t=1186738941.837  newsnr=5.03  m=(43.3,21.7) s=+0.00  mc=26.4
  L1 trigger  t=1186738948.200  newsnr=5.14  m=(9.6,2.4) s=+0.00  mc=4.0
  L1 trigger  t=1186738957.896  newsnr=5.22  m=(20.0,10.0) s=+0.00  mc=12.2
  L1 trigger  t=1186738975.794  newsnr=5.20  m=(30.6,24.4) s=+0.00  mc=23.8
  L1 trigger  t=1186738979.665  newsnr=5.27  m=(48.0,24.0) s=+0.00  mc=29.2
  L1 trigger  t=1186738986.006  newsnr=5.07  m=(6.0,6.0) s=+0.00  mc=5.2
  L1 trigger  t=1186738988.593  newsnr=5.16  m=(54.0,18.0) s=+0.00  mc=26.4
  L1 trigger  t=1186738992.143  newsnr=5.09  m=(9.6,2.4) s=+0.00  mc=4.0
  L1 trigger  t=1186739007.403  newsnr=5.18  m=(24.0,6.0) s=+0.00  mc=10.0
  L1 trigger  t=1186739025.386  newsnr=5.00  m=(16.7,13.3) s=+0.00  mc=13.0
  L1 trigger  t=1186739029.320  newsnr=5.08  m=(20.0,10.0) s=+0.00  mc=12.2
  L1 trigger  t=1186739043.239  newsnr=5.27  m=(48.0,24.0) s=+0.00  mc=29.2
  L1 trigger  t=1186739046.527  newsnr=5.58  m=(48.8,16.2) s=+0.00  mc=23.8
  L1 trigger  t=1186739049.541  newsnr=5.55  m=(18.0,12.0) s=+0.00  mc=12.7
  L1 trigger  t=1186739062.587  newsnr=5.29  m=(48.8,16.2) s=+0.00  mc=23.8
  L1 trigger  t=1186739064.207  newsnr=5.13  m=(33.8,11.2) s=+0.00  mc=16.5
  L1 trigger  t=1186739065.506  newsnr=5.04  m=(36.0,9.0) s=+0.00  mc=15.0
  L1 trigger  t=1186739073.807  newsnr=5.53  m=(48.8,16.2) s=+0.00  mc=23.8
  L1 trigger  t=1186739082.637  newsnr=5.28  m=(30.0,15.0) s=+0.00  mc=18.3
  L1 trigger  t=1186739089.365  newsnr=5.36  m=(16.7,13.3) s=+0.00  mc=13.0
  L1 trigger  t=1186739097.072  newsnr=5.23  m=(7.2,4.8) s=+0.00  mc=5.1
  L1 trigger  t=1186739102.146  newsnr=5.13  m=(33.8,11.2) s=+0.00  mc=16.5
  L1 trigger  t=1186739106.016  newsnr=5.08  m=(18.0,12.0) s=+0.00  mc=12.7
  L1 trigger  t=1186739114.658  newsnr=5.07  m=(25.0,20.0) s=+0.00  mc=19.4
  L1 trigger  t=1186739119.424  newsnr=5.01  m=(44.0,11.0) s=+0.00  mc=18.3
  L1 trigger  t=1186739125.682  newsnr=5.26  m=(12.0,8.0) s=+0.00  mc=8.5
  L1 trigger  t=1186739136.385  newsnr=5.37  m=(6.7,5.3) s=+0.00  mc=5.2
  L1 trigger  t=1186739140.393  newsnr=5.52  m=(24.0,6.0) s=+0.00  mc=10.0
  L1 trigger  t=1186739145.204  newsnr=5.23  m=(30.0,15.0) s=+0.00  mc=18.3
  L1 trigger  t=1186739146.906  newsnr=5.23  m=(13.3,6.7) s=+0.00  mc=8.1
  L1 trigger  t=1186739163.715  newsnr=5.07  m=(15.0,15.0) s=+0.00  mc=13.1
  L1 trigger  t=1186739169.895  newsnr=5.08  m=(32.5,32.5) s=+0.00  mc=28.3
  L1 trigger  t=1186739178.716  newsnr=5.54  m=(48.8,16.2) s=+0.00  mc=23.8
  L1 trigger  t=1186739180.870  newsnr=5.04  m=(24.0,6.0) s=+0.00  mc=10.0
  L1 trigger  t=1186739194.517  newsnr=5.17  m=(9.6,2.4) s=+0.00  mc=4.0
  L1 trigger  t=1186739198.164  newsnr=5.01  m=(15.0,15.0) s=+0.00  mc=13.1
  L1 trigger  t=1186739214.242  newsnr=5.34  m=(57.6,14.4) s=+0.00  mc=24.0
  L1 trigger  t=1186739218.091  newsnr=5.37  m=(9.6,2.4) s=+0.00  mc=4.0
  L1 trigger  t=1186739220.119  newsnr=5.73  m=(36.0,36.0) s=+0.00  mc=31.3
  L1 trigger  t=1186739223.550  newsnr=5.91  m=(68.0,17.0) s=+0.00  mc=28.3
  L1 trigger  t=1186739225.329  newsnr=5.10  m=(6.7,5.3) s=+0.00  mc=5.2
  L1 trigger  t=1186739228.560  newsnr=5.47  m=(9.6,2.4) s=+0.00  mc=4.0
  L1 trigger  t=1186739233.703  newsnr=5.02  m=(41.2,13.8) s=+0.00  mc=20.1
  L1 trigger  t=1186739242.549  newsnr=5.91  m=(9.0,3.0) s=+0.00  mc=4.4
  L1 trigger  t=1186739243.730  newsnr=5.06  m=(6.0,6.0) s=+0.00  mc=5.2
  L1 trigger  t=1186739245.757  newsnr=5.56  m=(7.2,4.8) s=+0.00  mc=5.1
  L1 trigger  t=1186739254.339  newsnr=5.42  m=(18.0,12.0) s=+0.00  mc=12.7
  L1 trigger  t=1186739263.723  newsnr=5.11  m=(20.0,10.0) s=+0.00  mc=12.2
  L1 trigger  t=1186739273.782  newsnr=5.24  m=(13.3,6.7) s=+0.00  mc=8.1
  L1 trigger  t=1186739278.029  newsnr=5.14  m=(30.6,24.4) s=+0.00  mc=23.8
  L1 trigger  t=1186739285.404  newsnr=5.02  m=(27.5,27.5) s=+0.00  mc=23.9
  L1 trigger  t=1186739286.594  newsnr=5.06  m=(24.0,6.0) s=+0.00  mc=10.0
  L1 trigger  t=1186739289.569  newsnr=5.01  m=(24.0,6.0) s=+0.00  mc=10.0
  L1 trigger  t=1186739302.733  newsnr=5.14  m=(30.0,15.0) s=+0.00  mc=18.3
  L1 trigger  t=1186739310.445  newsnr=5.58  m=(24.0,6.0) s=+0.00  mc=10.0
  L1 trigger  t=1186739312.030  newsnr=5.18  m=(42.5,42.5) s=+0.00  mc=37.0
  L1 trigger  t=1186739328.143  newsnr=5.27  m=(54.0,18.0) s=+0.00  mc=26.4
  L1 trigger  t=1186739353.659  newsnr=5.00  m=(30.0,15.0) s=+0.00  mc=18.3
  L1 trigger  t=1186739358.070  newsnr=5.12  m=(22.5,7.5) s=+0.00  mc=11.0
  L1 trigger  t=1186739361.391  newsnr=5.08  m=(24.0,6.0) s=+0.00  mc=10.0
  L1 trigger  t=1186739375.285  newsnr=5.53  m=(51.0,34.0) s=+0.00  mc=36.1
  L1 trigger  t=1186739377.225  newsnr=6.04  m=(33.0,22.0) s=+0.00  mc=23.4
  L1 trigger  t=1186739379.367  newsnr=5.00  m=(41.2,13.8) s=+0.00  mc=20.1
  L1 trigger  t=1186739405.652  newsnr=6.17  m=(27.0,18.0) s=+0.00  mc=19.1
  L1 trigger  t=1186739410.252  newsnr=5.07  m=(18.0,12.0) s=+0.00  mc=12.7
  L1 trigger  t=1186739412.814  newsnr=5.15  m=(12.0,8.0) s=+0.00  mc=8.5
  L1 trigger  t=1186739415.366  newsnr=5.18  m=(36.0,9.0) s=+0.00  mc=15.0
  L1 trigger  t=1186739429.094  newsnr=5.43  m=(16.7,13.3) s=+0.00  mc=13.0
  L1 trigger  t=1186739432.165  newsnr=5.06  m=(24.0,6.0) s=+0.00  mc=10.0
  L1 trigger  t=1186739441.843  newsnr=5.13  m=(6.0,6.0) s=+0.00  mc=5.2
  L1 trigger  t=1186739444.039  newsnr=5.01  m=(9.0,3.0) s=+0.00  mc=4.4
  L1 trigger  t=1186739454.247  newsnr=5.14  m=(48.0,24.0) s=+0.00  mc=29.2
  L1 trigger  t=1186739464.825  newsnr=5.39  m=(7.2,4.8) s=+0.00  mc=5.1
  L1 trigger  t=1186739474.781  newsnr=5.09  m=(16.7,13.3) s=+0.00  mc=13.0
  L1 trigger  t=1186739478.270  newsnr=5.00  m=(54.0,18.0) s=+0.00  mc=26.4
  L1 trigger  t=1186739481.497  newsnr=5.19  m=(36.7,18.3) s=+0.00  mc=22.3
  L1 trigger  t=1186739485.196  newsnr=5.02  m=(16.0,4.0) s=+0.00  mc=6.7
  L1 trigger  t=1186739490.709  newsnr=5.35  m=(33.8,11.2) s=+0.00  mc=16.5
  L1 trigger  t=1186739495.001  newsnr=5.12  m=(36.1,28.9) s=+0.00  mc=28.1
  L1 trigger  t=1186739500.688  newsnr=5.00  m=(16.0,4.0) s=+0.00  mc=6.7
  L1 trigger  t=1186739510.311  newsnr=5.10  m=(44.0,11.0) s=+0.00  mc=18.3
  L1 trigger  t=1186739523.167  newsnr=5.14  m=(11.1,8.9) s=+0.00  mc=8.6
  L1 trigger  t=1186739524.672  newsnr=5.07  m=(16.7,13.3) s=+0.00  mc=13.0
  L1 trigger  t=1186739536.094  newsnr=5.09  m=(51.0,34.0) s=+0.00  mc=36.1
  L1 trigger  t=1186739539.664  newsnr=5.16  m=(48.8,16.2) s=+0.00  mc=23.8
  L1 trigger  t=1186739541.685  newsnr=5.22  m=(7.2,4.8) s=+0.00  mc=5.1
  L1 trigger  t=1186739549.849  newsnr=5.40  m=(18.0,12.0) s=+0.00  mc=12.7
  L1 trigger  t=1186739552.956  newsnr=5.07  m=(13.3,6.7) s=+0.00  mc=8.1
  L1 trigger  t=1186739568.207  newsnr=5.45  m=(30.0,15.0) s=+0.00  mc=18.3
  L1 trigger  t=1186739570.165  newsnr=5.33  m=(27.0,18.0) s=+0.00  mc=19.1
  L1 trigger  t=1186739575.370  newsnr=5.40  m=(16.7,13.3) s=+0.00  mc=13.0
  L1 trigger  t=1186739576.954  newsnr=5.49  m=(22.5,7.5) s=+0.00  mc=11.0
  L1 trigger  t=1186739583.276  newsnr=5.05  m=(24.0,6.0) s=+0.00  mc=10.0
  L1 trigger  t=1186739584.771  newsnr=5.02  m=(15.0,15.0) s=+0.00  mc=13.1
  L1 trigger  t=1186739586.551  newsnr=5.06  m=(7.2,4.8) s=+0.00  mc=5.1
  L1 trigger  t=1186739589.638  newsnr=5.17  m=(12.0,8.0) s=+0.00  mc=8.5
  L1 trigger  t=1186739598.818  newsnr=5.29  m=(22.5,22.5) s=+0.00  mc=19.6
  L1 trigger  t=1186739601.902  newsnr=5.09  m=(12.0,8.0) s=+0.00  mc=8.5
  L1 trigger  t=1186739637.422  newsnr=5.43  m=(32.5,32.5) s=+0.00  mc=28.3
  L1 trigger  t=1186739648.722  newsnr=5.06  m=(6.0,6.0) s=+0.00  mc=5.2
  L1 trigger  t=1186739664.717  newsnr=5.26  m=(8.0,4.0) s=+0.00  mc=4.9
  L1 trigger  t=1186739689.649  newsnr=5.24  m=(27.0,18.0) s=+0.00  mc=19.1
  L1 trigger  t=1186739735.813  newsnr=5.11  m=(36.0,36.0) s=+0.00  mc=31.3
  L1 trigger  t=1186739742.710  newsnr=5.29  m=(15.0,5.0) s=+0.00  mc=7.3
  L1 trigger  t=1186739744.805  newsnr=5.03  m=(33.0,22.0) s=+0.00  mc=23.4
  L1 trigger  t=1186739749.415  newsnr=5.72  m=(41.2,13.8) s=+0.00  mc=20.1
  L1 trigger  t=1186739752.913  newsnr=5.42  m=(44.0,11.0) s=+0.00  mc=18.3
  L1 trigger  t=1186739774.702  newsnr=5.67  m=(15.0,15.0) s=+0.00  mc=13.1
  L1 trigger  t=1186739777.676  newsnr=5.49  m=(9.6,2.4) s=+0.00  mc=4.0
  L1 trigger  t=1186739785.977  newsnr=5.65  m=(16.7,13.3) s=+0.00  mc=13.0
  L1 trigger  t=1186739797.790  newsnr=5.10  m=(42.5,42.5) s=+0.00  mc=37.0
  L1 trigger  t=1186739822.230  newsnr=5.04  m=(13.3,6.7) s=+0.00  mc=8.1
  L1 trigger  t=1186739841.034  newsnr=5.01  m=(43.3,21.7) s=+0.00  mc=26.4
  L1 trigger  t=1186739842.399  newsnr=5.33  m=(22.5,7.5) s=+0.00  mc=11.0
  L1 trigger  t=1186739847.549  newsnr=5.30  m=(22.5,7.5) s=+0.00  mc=11.0
  L1 trigger  t=1186739848.608  newsnr=5.23  m=(75.0,25.0) s=+0.00  mc=36.6
  L1 trigger  t=1186739851.601  newsnr=5.19  m=(43.3,21.7) s=+0.00  mc=26.4
  L1 trigger  t=1186739869.257  newsnr=5.36  m=(33.8,11.2) s=+0.00  mc=16.5
  L1 trigger  t=1186739871.768  newsnr=5.71  m=(22.5,7.5) s=+0.00  mc=11.0
  L1 trigger  t=1186739873.758  newsnr=5.69  m=(22.5,7.5) s=+0.00  mc=11.0
  L1 trigger  t=1186739875.074  newsnr=5.03  m=(22.5,7.5) s=+0.00  mc=11.0
  L1 trigger  t=1186739876.282  newsnr=5.21  m=(8.0,4.0) s=+0.00  mc=4.9
  L1 trigger  t=1186739888.352  newsnr=5.17  m=(24.0,6.0) s=+0.00  mc=10.0
  L1 trigger  t=1186739891.112  newsnr=5.04  m=(11.1,8.9) s=+0.00  mc=8.6
  L1 trigger  t=1186739896.192  newsnr=6.14  m=(36.7,18.3) s=+0.00  mc=22.3
  L1 trigger  t=1186739903.451  newsnr=5.07  m=(48.0,24.0) s=+0.00  mc=29.2
  L1 trigger  t=1186739938.744  newsnr=5.61  m=(68.0,17.0) s=+0.00  mc=28.3
  L1 trigger  t=1186739940.149  newsnr=5.24  m=(9.0,3.0) s=+0.00  mc=4.4
  L1 trigger  t=1186739941.663  newsnr=5.44  m=(33.0,22.0) s=+0.00  mc=23.4
  L1 trigger  t=1186739946.336  newsnr=5.07  m=(8.0,4.0) s=+0.00  mc=4.9
  L1 trigger  t=1186739948.179  newsnr=5.23  m=(56.7,28.3) s=+0.00  mc=34.5
  L1 trigger  t=1186739957.408  newsnr=5.08  m=(68.0,17.0) s=+0.00  mc=28.3
  L1 trigger  t=1186739964.372  newsnr=5.02  m=(36.0,9.0) s=+0.00  mc=15.0
  L1 trigger  t=1186739966.069  newsnr=5.06  m=(39.0,26.0) s=+0.00  mc=27.6
  L1 trigger  t=1186739978.756  newsnr=5.30  m=(20.0,10.0) s=+0.00  mc=12.2
  L1 trigger  t=1186739983.889  newsnr=5.00  m=(51.0,34.0) s=+0.00  mc=36.1
  L1 trigger  t=1186739994.267  newsnr=5.49  m=(48.0,24.0) s=+0.00  mc=29.2
  L1 trigger  t=1186740002.495  newsnr=5.15  m=(20.0,10.0) s=+0.00  mc=12.2
  L1 trigger  t=1186740004.581  newsnr=5.92  m=(54.0,18.0) s=+0.00  mc=26.4
  L1 trigger  t=1186740006.069  newsnr=6.28  m=(66.7,33.3) s=+0.00  mc=40.6
  L1 trigger  t=1186740010.086  newsnr=5.39  m=(9.6,2.4) s=+0.00  mc=4.0
  L1 trigger  t=1186740030.927  newsnr=5.00  m=(32.5,32.5) s=+0.00  mc=28.3
  L1 trigger  t=1186740038.698  newsnr=5.02  m=(36.7,18.3) s=+0.00  mc=22.3
  L1 trigger  t=1186740040.510  newsnr=5.14  m=(6.7,5.3) s=+0.00  mc=5.2
  L1 trigger  t=1186740081.954  newsnr=5.15  m=(36.0,9.0) s=+0.00  mc=15.0
  L1 trigger  t=1186740084.086  newsnr=5.21  m=(9.6,2.4) s=+0.00  mc=4.0
  L1 trigger  t=1186740088.120  newsnr=5.11  m=(33.8,11.2) s=+0.00  mc=16.5
  L1 trigger  t=1186740092.064  newsnr=5.34  m=(16.7,13.3) s=+0.00  mc=13.0
  L1 trigger  t=1186740097.301  newsnr=5.27  m=(16.0,4.0) s=+0.00  mc=6.7
  L1 trigger  t=1186740111.587  newsnr=5.45  m=(24.0,6.0) s=+0.00  mc=10.0
  L1 trigger  t=1186740123.125  newsnr=5.70  m=(39.0,26.0) s=+0.00  mc=27.6
  L1 trigger  t=1186740134.285  newsnr=5.13  m=(16.7,13.3) s=+0.00  mc=13.0
  L1 trigger  t=1186740139.844  newsnr=5.18  m=(9.6,2.4) s=+0.00  mc=4.0
  L1 trigger  t=1186740141.317  newsnr=5.48  m=(22.5,22.5) s=+0.00  mc=19.6
  L1 trigger  t=1186740142.377  newsnr=5.45  m=(20.0,10.0) s=+0.00  mc=12.2
  L1 trigger  t=1186740144.439  newsnr=5.28  m=(24.0,6.0) s=+0.00  mc=10.0
  L1 trigger  t=1186740145.731  newsnr=5.16  m=(39.0,26.0) s=+0.00  mc=27.6
  L1 trigger  t=1186740148.336  newsnr=5.07  m=(33.8,11.2) s=+0.00  mc=16.5
  L1 trigger  t=1186740150.292  newsnr=5.21  m=(27.5,27.5) s=+0.00  mc=23.9
  L1 trigger  t=1186740152.422  newsnr=5.16  m=(9.6,2.4) s=+0.00  mc=4.0
  L1 trigger  t=1186740160.348  newsnr=5.51  m=(10.0,10.0) s=+0.00  mc=8.7
  L1 trigger  t=1186740162.408  newsnr=5.24  m=(7.2,4.8) s=+0.00  mc=5.1
  L1 trigger  t=1186740190.367  newsnr=5.03  m=(16.0,4.0) s=+0.00  mc=6.7
  L1 trigger  t=1186740193.709  newsnr=5.09  m=(33.0,22.0) s=+0.00  mc=23.4
  L1 trigger  t=1186740201.929  newsnr=5.03  m=(11.1,8.9) s=+0.00  mc=8.6
  L1 trigger  t=1186740203.944  newsnr=5.49  m=(16.0,4.0) s=+0.00  mc=6.7
  L1 trigger  t=1186740209.156  newsnr=5.02  m=(11.1,8.9) s=+0.00  mc=8.6
  L1 trigger  t=1186740212.474  newsnr=5.10  m=(25.0,20.0) s=+0.00  mc=19.4
  L1 trigger  t=1186740225.164  newsnr=5.83  m=(8.0,4.0) s=+0.00  mc=4.9
  L1 trigger  t=1186740246.916  newsnr=5.02  m=(12.0,8.0) s=+0.00  mc=8.5
  L1 trigger  t=1186740249.740  newsnr=5.77  m=(32.5,32.5) s=+0.00  mc=28.3
  L1 trigger  t=1186740252.853  newsnr=5.01  m=(30.0,15.0) s=+0.00  mc=18.3
  L1 trigger  t=1186740262.220  newsnr=5.11  m=(15.0,5.0) s=+0.00  mc=7.3
  L1 trigger  t=1186740264.373  newsnr=5.53  m=(48.8,16.2) s=+0.00  mc=23.8
  L1 trigger  t=1186740286.945  newsnr=5.70  m=(66.7,33.3) s=+0.00  mc=40.6
  L1 trigger  t=1186740300.438  newsnr=5.54  m=(25.0,20.0) s=+0.00  mc=19.4
  L1 trigger  t=1186740305.947  newsnr=5.25  m=(8.0,4.0) s=+0.00  mc=4.9
  L1 trigger  t=1186740306.993  newsnr=5.34  m=(7.2,4.8) s=+0.00  mc=5.1
  L1 trigger  t=1186740323.960  newsnr=5.02  m=(27.5,27.5) s=+0.00  mc=23.9
  L1 trigger  t=1186740327.264  newsnr=5.23  m=(13.3,6.7) s=+0.00  mc=8.1
  L1 trigger  t=1186740332.123  newsnr=5.04  m=(25.0,20.0) s=+0.00  mc=19.4
  L1 trigger  t=1186740333.987  newsnr=5.06  m=(13.3,6.7) s=+0.00  mc=8.1
  L1 trigger  t=1186740338.628  newsnr=5.18  m=(12.0,8.0) s=+0.00  mc=8.5
  L1 trigger  t=1186740353.464  newsnr=5.14  m=(44.0,11.0) s=+0.00  mc=18.3
  L1 trigger  t=1186740358.693  newsnr=5.73  m=(43.3,21.7) s=+0.00  mc=26.4
  L1 trigger  t=1186740360.069  newsnr=5.23  m=(10.0,10.0) s=+0.00  mc=8.7
  L1 trigger  t=1186740367.683  newsnr=5.22  m=(57.6,14.4) s=+0.00  mc=24.0
  L1 trigger  t=1186740373.713  newsnr=5.81  m=(11.1,8.9) s=+0.00  mc=8.6
  L1 trigger  t=1186740374.861  newsnr=5.51  m=(36.0,36.0) s=+0.00  mc=31.3
  L1 trigger  t=1186740376.875  newsnr=5.12  m=(6.7,5.3) s=+0.00  mc=5.2
  L1 trigger  t=1186740388.324  newsnr=5.25  m=(10.0,10.0) s=+0.00  mc=8.7
  L1 trigger  t=1186740411.000  newsnr=5.06  m=(15.0,15.0) s=+0.00  mc=13.1
  L1 trigger  t=1186740424.167  newsnr=5.06  m=(9.0,3.0) s=+0.00  mc=4.4
  L1 trigger  t=1186740433.550  newsnr=5.41  m=(18.0,12.0) s=+0.00  mc=12.7
  L1 trigger  t=1186740454.486  newsnr=5.36  m=(22.5,7.5) s=+0.00  mc=11.0
  L1 trigger  t=1186740457.944  newsnr=5.20  m=(18.0,12.0) s=+0.00  mc=12.7
  L1 trigger  t=1186740464.352  newsnr=5.35  m=(6.7,5.3) s=+0.00  mc=5.2
  L1 trigger  t=1186740466.188  newsnr=5.07  m=(48.8,16.2) s=+0.00  mc=23.8
  L1 trigger  t=1186740468.469  newsnr=5.29  m=(12.0,8.0) s=+0.00  mc=8.5
  L1 trigger  t=1186740470.120  newsnr=5.29  m=(36.7,18.3) s=+0.00  mc=22.3
  L1 trigger  t=1186740487.799  newsnr=5.15  m=(7.2,4.8) s=+0.00  mc=5.1
  L1 trigger  t=1186740491.722  newsnr=5.15  m=(8.0,4.0) s=+0.00  mc=4.9
  L1 trigger  t=1186740494.476  newsnr=5.18  m=(12.0,8.0) s=+0.00  mc=8.5
  L1 trigger  t=1186740502.321  newsnr=5.58  m=(57.6,14.4) s=+0.00  mc=24.0
  L1 trigger  t=1186740511.054  newsnr=5.58  m=(24.0,6.0) s=+0.00  mc=10.0
  L1 trigger  t=1186740517.872  newsnr=5.05  m=(41.2,13.8) s=+0.00  mc=20.1
  L1 trigger  t=1186740526.329  newsnr=5.14  m=(30.0,15.0) s=+0.00  mc=18.3
  L1 trigger  t=1186740534.894  newsnr=5.38  m=(27.0,18.0) s=+0.00  mc=19.1
  L1 trigger  t=1186740544.741  newsnr=5.77  m=(25.0,20.0) s=+0.00  mc=19.4
  L1 trigger  t=1186740559.153  newsnr=5.38  m=(57.6,14.4) s=+0.00  mc=24.0
  L1 trigger  t=1186740565.148  newsnr=5.00  m=(8.0,4.0) s=+0.00  mc=4.9
  L1 trigger  t=1186740572.476  newsnr=5.02  m=(22.5,7.5) s=+0.00  mc=11.0
  L1 trigger  t=1186740578.108  newsnr=5.09  m=(30.0,15.0) s=+0.00  mc=18.3
  L1 trigger  t=1186740598.672  newsnr=5.19  m=(18.0,12.0) s=+0.00  mc=12.7
  L1 trigger  t=1186740599.896  newsnr=5.54  m=(30.0,15.0) s=+0.00  mc=18.3
  L1 trigger  t=1186740610.844  newsnr=5.16  m=(36.0,9.0) s=+0.00  mc=15.0
  L1 trigger  t=1186740612.258  newsnr=5.48  m=(10.0,10.0) s=+0.00  mc=8.7
  L1 trigger  t=1186740614.887  newsnr=5.23  m=(15.0,5.0) s=+0.00  mc=7.3
  L1 trigger  t=1186740628.453  newsnr=5.18  m=(8.0,4.0) s=+0.00  mc=4.9
  L1 trigger  t=1186740636.736  newsnr=5.37  m=(52.0,13.0) s=+0.00  mc=21.6
  L1 trigger  t=1186740638.237  newsnr=5.17  m=(11.1,8.9) s=+0.00  mc=8.6
  L1 trigger  t=1186740639.508  newsnr=5.41  m=(57.6,14.4) s=+0.00  mc=24.0
  L1 trigger  t=1186740647.763  newsnr=5.07  m=(6.0,6.0) s=+0.00  mc=5.2
  L1 trigger  t=1186740661.999  newsnr=5.47  m=(33.8,11.2) s=+0.00  mc=16.5
  L1 trigger  t=1186740663.583  newsnr=5.13  m=(22.5,22.5) s=+0.00  mc=19.6
  L1 trigger  t=1186740669.159  newsnr=5.10  m=(22.5,7.5) s=+0.00  mc=11.0
  L1 trigger  t=1186740670.280  newsnr=5.10  m=(44.0,11.0) s=+0.00  mc=18.3
  L1 trigger  t=1186740681.818  newsnr=5.01  m=(30.0,15.0) s=+0.00  mc=18.3
  L1 trigger  t=1186740683.291  newsnr=5.26  m=(22.5,7.5) s=+0.00  mc=11.0
  L1 trigger  t=1186740691.660  newsnr=5.18  m=(68.0,17.0) s=+0.00  mc=28.3
  L1 trigger  t=1186740697.046  newsnr=5.05  m=(10.0,10.0) s=+0.00  mc=8.7
  L1 trigger  t=1186740701.313  newsnr=5.61  m=(25.0,20.0) s=+0.00  mc=19.4
  L1 trigger  t=1186740702.594  newsnr=5.33  m=(8.0,4.0) s=+0.00  mc=4.9
  L1 trigger  t=1186740711.700  newsnr=5.48  m=(22.5,7.5) s=+0.00  mc=11.0
  L1 trigger  t=1186740730.751  newsnr=5.03  m=(27.0,18.0) s=+0.00  mc=19.1
  L1 trigger  t=1186740735.840  newsnr=5.53  m=(33.8,11.2) s=+0.00  mc=16.5
  L1 trigger  t=1186740737.006  newsnr=5.24  m=(16.7,13.3) s=+0.00  mc=13.0
  L1 trigger  t=1186740739.029  newsnr=5.32  m=(6.0,6.0) s=+0.00  mc=5.2
  L1 trigger  t=1186740742.177  newsnr=5.10  m=(18.0,12.0) s=+0.00  mc=12.7
  L1 trigger  t=1186740744.729  newsnr=5.09  m=(7.2,4.8) s=+0.00  mc=5.1
  L1 trigger  t=1186740766.774  newsnr=5.21  m=(7.2,4.8) s=+0.00  mc=5.1
  L1 trigger  t=1186740776.643  newsnr=5.05  m=(12.0,8.0) s=+0.00  mc=8.5
  L1 trigger  t=1186740797.935  newsnr=5.03  m=(16.7,13.3) s=+0.00  mc=13.0
  L1 trigger  t=1186740807.940  newsnr=5.20  m=(43.3,21.7) s=+0.00  mc=26.4
  L1 trigger  t=1186740815.575  newsnr=5.38  m=(15.0,15.0) s=+0.00  mc=13.1
  L1 trigger  t=1186740819.358  newsnr=5.11  m=(12.0,8.0) s=+0.00  mc=8.5
  L1 trigger  t=1186740820.727  newsnr=5.26  m=(41.2,13.8) s=+0.00  mc=20.1
  L1 trigger  t=1186740826.816  newsnr=5.44  m=(36.0,9.0) s=+0.00  mc=15.0
  L1 trigger  t=1186740832.573  newsnr=5.17  m=(68.0,17.0) s=+0.00  mc=28.3
  L1 trigger  t=1186740835.344  newsnr=5.40  m=(6.0,6.0) s=+0.00  mc=5.2
  L1 trigger  t=1186740850.290  newsnr=5.20  m=(48.0,24.0) s=+0.00  mc=29.2
  L1 trigger  t=1186740860.937  newsnr=5.52  m=(30.6,24.4) s=+0.00  mc=23.8
  L1 trigger  t=1186740867.847  newsnr=5.03  m=(10.0,10.0) s=+0.00  mc=8.7
  L1 trigger  t=1186740871.808  newsnr=5.10  m=(15.0,5.0) s=+0.00  mc=7.3
  L1 trigger  t=1186740874.432  newsnr=5.07  m=(50.0,50.0) s=+0.00  mc=43.5
  L1 trigger  t=1186740881.354  newsnr=5.60  m=(55.6,44.4) s=+0.00  mc=43.2
  L1 trigger  t=1186740882.442  newsnr=5.01  m=(16.0,4.0) s=+0.00  mc=6.7
  L1 trigger  t=1186740889.171  newsnr=5.01  m=(27.5,27.5) s=+0.00  mc=23.9
  L1 trigger  t=1186740899.887  newsnr=6.02  m=(32.5,32.5) s=+0.00  mc=28.3
  L1 trigger  t=1186740901.742  newsnr=5.03  m=(9.0,3.0) s=+0.00  mc=4.4
  L1 trigger  t=1186740931.544  newsnr=5.70  m=(13.3,6.7) s=+0.00  mc=8.1
  L1 trigger  t=1186740934.149  newsnr=5.19  m=(9.6,2.4) s=+0.00  mc=4.0
  L1 trigger  t=1186740952.951  newsnr=5.19  m=(27.0,18.0) s=+0.00  mc=19.1
  L1 trigger  t=1186740959.608  newsnr=5.11  m=(33.8,11.2) s=+0.00  mc=16.5
  L1 trigger  t=1186740962.547  newsnr=5.02  m=(6.7,5.3) s=+0.00  mc=5.2
  L1 trigger  t=1186740966.749  newsnr=5.24  m=(48.0,24.0) s=+0.00  mc=29.2
  L1 trigger  t=1186740971.692  newsnr=5.14  m=(13.3,6.7) s=+0.00  mc=8.1
  L1 trigger  t=1186740983.643  newsnr=5.23  m=(33.0,22.0) s=+0.00  mc=23.4
  L1 trigger  t=1186740991.679  newsnr=5.34  m=(27.5,27.5) s=+0.00  mc=23.9
  L1 trigger  t=1186740998.099  newsnr=5.38  m=(30.0,15.0) s=+0.00  mc=18.3
  L1 trigger  t=1186741008.353  newsnr=5.37  m=(68.0,17.0) s=+0.00  mc=28.3
  L1 trigger  t=1186741017.802  newsnr=5.47  m=(41.2,13.8) s=+0.00  mc=20.1
  L1 trigger  t=1186741029.124  newsnr=5.25  m=(22.5,7.5) s=+0.00  mc=11.0
  L1 trigger  t=1186741038.639  newsnr=5.06  m=(16.0,4.0) s=+0.00  mc=6.7
  L1 trigger  t=1186741045.026  newsnr=5.01  m=(52.0,13.0) s=+0.00  mc=21.6
  L1 trigger  t=1186741058.987  newsnr=5.95  m=(22.5,7.5) s=+0.00  mc=11.0
  L1 trigger  t=1186741088.519  newsnr=5.37  m=(32.5,32.5) s=+0.00  mc=28.3
  L1 trigger  t=1186741091.710  newsnr=5.42  m=(52.0,13.0) s=+0.00  mc=21.6
  L1 trigger  t=1186741096.696  newsnr=5.91  m=(6.0,6.0) s=+0.00  mc=5.2
  L1 trigger  t=1186741103.544  newsnr=5.46  m=(36.0,36.0) s=+0.00  mc=31.3
  L1 trigger  t=1186741105.265  newsnr=5.39  m=(43.2,28.8) s=+0.00  mc=30.6
  L1 trigger  t=1186741122.460  newsnr=5.67  m=(15.0,15.0) s=+0.00  mc=13.1
  L1 trigger  t=1186741125.022  newsnr=5.22  m=(7.2,4.8) s=+0.00  mc=5.1
  L1 trigger  t=1186741138.699  newsnr=5.56  m=(9.6,2.4) s=+0.00  mc=4.0
  L1 trigger  t=1186741142.343  newsnr=5.19  m=(30.0,15.0) s=+0.00  mc=18.3
  L1 trigger  t=1186741144.674  newsnr=5.00  m=(9.6,2.4) s=+0.00  mc=4.0
  L1 trigger  t=1186741150.428  newsnr=5.59  m=(68.0,17.0) s=+0.00  mc=28.3
  L1 trigger  t=1186741158.696  newsnr=5.31  m=(15.0,15.0) s=+0.00  mc=13.1
  L1 trigger  t=1186741160.775  newsnr=5.61  m=(15.0,5.0) s=+0.00  mc=7.3
  L1 trigger  t=1186741165.087  newsnr=5.34  m=(11.1,8.9) s=+0.00  mc=8.6
  L1 trigger  t=1186741169.150  newsnr=5.13  m=(18.0,12.0) s=+0.00  mc=12.7
  L1 trigger  t=1186741172.481  newsnr=5.10  m=(43.3,21.7) s=+0.00  mc=26.4
  L1 trigger  t=1186741186.691  newsnr=5.20  m=(15.0,5.0) s=+0.00  mc=7.3
  L1 trigger  t=1186741188.522  newsnr=5.28  m=(48.0,24.0) s=+0.00  mc=29.2
  L1 trigger  t=1186741220.666  newsnr=6.25  m=(44.0,11.0) s=+0.00  mc=18.3
  L1 trigger  t=1186741230.745  newsnr=5.28  m=(15.0,5.0) s=+0.00  mc=7.3
  L1 trigger  t=1186741250.309  newsnr=5.05  m=(36.7,18.3) s=+0.00  mc=22.3
  L1 trigger  t=1186741255.252  newsnr=5.06  m=(20.0,10.0) s=+0.00  mc=12.2
  L1 trigger  t=1186741256.744  newsnr=5.23  m=(24.0,6.0) s=+0.00  mc=10.0
  L1 trigger  t=1186741266.567  newsnr=5.22  m=(9.0,3.0) s=+0.00  mc=4.4
  L1 trigger  t=1186741270.378  newsnr=5.37  m=(24.0,6.0) s=+0.00  mc=10.0
  L1 trigger  t=1186741271.416  newsnr=5.00  m=(48.8,16.2) s=+0.00  mc=23.8
  L1 trigger  t=1186741274.795  newsnr=5.06  m=(8.0,4.0) s=+0.00  mc=4.9
  L1 trigger  t=1186741277.373  newsnr=5.81  m=(16.0,4.0) s=+0.00  mc=6.7
  L1 trigger  t=1186741295.865  newsnr=5.89  m=(22.5,22.5) s=+0.00  mc=19.6
  L1 trigger  t=1186741297.294  newsnr=5.73  m=(9.0,3.0) s=+0.00  mc=4.4
  L1 trigger  t=1186741307.750  newsnr=5.07  m=(9.0,3.0) s=+0.00  mc=4.4
  L1 trigger  t=1186741310.690  newsnr=5.08  m=(22.5,22.5) s=+0.00  mc=19.6
  L1 trigger  t=1186741311.801  newsnr=5.42  m=(6.0,6.0) s=+0.00  mc=5.2
  L1 trigger  t=1186741314.358  newsnr=5.50  m=(11.1,8.9) s=+0.00  mc=8.6
  L1 trigger  t=1186741321.079  newsnr=5.06  m=(13.3,6.7) s=+0.00  mc=8.1
  L1 trigger  t=1186741355.649  newsnr=5.24  m=(11.1,8.9) s=+0.00  mc=8.6
  L1 trigger  t=1186741358.989  newsnr=5.04  m=(68.0,17.0) s=+0.00  mc=28.3
  L1 trigger  t=1186741371.500  newsnr=5.21  m=(8.0,4.0) s=+0.00  mc=4.9
  L1 trigger  t=1186741374.443  newsnr=5.60  m=(52.0,13.0) s=+0.00  mc=21.6
  L1 trigger  t=1186741379.561  newsnr=5.08  m=(7.2,4.8) s=+0.00  mc=5.1
  L1 trigger  t=1186741386.456  newsnr=5.15  m=(36.0,9.0) s=+0.00  mc=15.0
  L1 trigger  t=1186741398.483  newsnr=5.09  m=(22.5,7.5) s=+0.00  mc=11.0
  L1 trigger  t=1186741404.601  newsnr=5.05  m=(15.0,5.0) s=+0.00  mc=7.3
  L1 trigger  t=1186741435.156  newsnr=5.09  m=(68.0,17.0) s=+0.00  mc=28.3
  L1 trigger  t=1186741438.761  newsnr=5.24  m=(63.8,21.2) s=+0.00  mc=31.1
  L1 trigger  t=1186741440.989  newsnr=5.08  m=(48.8,16.2) s=+0.00  mc=23.8
  L1 trigger  t=1186741444.244  newsnr=5.01  m=(15.0,15.0) s=+0.00  mc=13.1
  L1 trigger  t=1186741448.750  newsnr=5.01  m=(11.1,8.9) s=+0.00  mc=8.6
  L1 trigger  t=1186741455.160  newsnr=5.31  m=(39.0,26.0) s=+0.00  mc=27.6
  L1 trigger  t=1186741458.195  newsnr=5.27  m=(50.0,50.0) s=+0.00  mc=43.5
  L1 trigger  t=1186741475.567  newsnr=5.01  m=(18.0,12.0) s=+0.00  mc=12.7
  L1 trigger  t=1186741486.217  newsnr=5.15  m=(48.0,24.0) s=+0.00  mc=29.2
  L1 trigger  t=1186741487.350  newsnr=5.25  m=(15.0,15.0) s=+0.00  mc=13.1
  L1 trigger  t=1186741489.167  newsnr=5.03  m=(9.6,2.4) s=+0.00  mc=4.0
  L1 trigger  t=1186741490.271  newsnr=5.27  m=(6.0,6.0) s=+0.00  mc=5.2
  L1 trigger  t=1186741502.645  newsnr=5.07  m=(18.0,12.0) s=+0.00  mc=12.7
  L1 trigger  t=1186741507.437  newsnr=5.55  m=(52.0,13.0) s=+0.00  mc=21.6
  L1 trigger  t=1186741509.740  newsnr=5.07  m=(80.0,20.0) s=+0.00  mc=33.3
  L1 trigger  t=1186741513.329  newsnr=5.00  m=(24.0,6.0) s=+0.00  mc=10.0
  L1 trigger  t=1186741514.828  newsnr=5.26  m=(9.0,3.0) s=+0.00  mc=4.4
  L1 trigger  t=1186741526.417  newsnr=5.17  m=(7.2,4.8) s=+0.00  mc=5.1
  L1 trigger  t=1186741533.000  newsnr=5.01  m=(16.7,13.3) s=+0.00  mc=13.0
  L1 trigger  t=1186741534.403  newsnr=5.66  m=(22.5,22.5) s=+0.00  mc=19.6
  L1 trigger  t=1186741543.202  newsnr=5.11  m=(20.0,10.0) s=+0.00  mc=12.2
  L1 trigger  t=1186741549.384  newsnr=5.18  m=(48.8,16.2) s=+0.00  mc=23.8
  L1 trigger  t=1186741571.130  newsnr=5.02  m=(18.0,12.0) s=+0.00  mc=12.7
  L1 trigger  t=1186741573.508  newsnr=5.25  m=(44.0,11.0) s=+0.00  mc=18.3
  L1 trigger  t=1186741580.733  newsnr=5.24  m=(43.2,28.8) s=+0.00  mc=30.6
  L1 trigger  t=1186741582.282  newsnr=5.24  m=(52.0,13.0) s=+0.00  mc=21.6
  L1 trigger  t=1186741584.587  newsnr=5.12  m=(7.2,4.8) s=+0.00  mc=5.1
  L1 trigger  t=1186741588.826  newsnr=5.00  m=(6.7,5.3) s=+0.00  mc=5.2
  L1 trigger  t=1186741609.272  newsnr=5.52  m=(52.0,13.0) s=+0.00  mc=21.6
  L1 trigger  t=1186741618.522  newsnr=5.25  m=(15.0,5.0) s=+0.00  mc=7.3
  L1 trigger  t=1186741625.744  newsnr=5.41  m=(12.0,8.0) s=+0.00  mc=8.5
  L1 trigger  t=1186741631.411  newsnr=5.13  m=(25.0,20.0) s=+0.00  mc=19.4
  L1 trigger  t=1186741633.203  newsnr=5.30  m=(9.0,3.0) s=+0.00  mc=4.4
  L1 trigger  t=1186741646.956  newsnr=5.39  m=(33.8,11.2) s=+0.00  mc=16.5
  L1 trigger  t=1186741698.080  newsnr=5.30  m=(52.0,13.0) s=+0.00  mc=21.6
  L1 trigger  t=1186741705.070  newsnr=5.37  m=(30.0,15.0) s=+0.00  mc=18.3
  L1 trigger  t=1186741715.353  newsnr=5.01  m=(12.0,8.0) s=+0.00  mc=8.5
  L1 trigger  t=1186741741.380  newsnr=5.44  m=(9.6,2.4) s=+0.00  mc=4.0
  L1 trigger  t=1186741746.937  newsnr=5.08  m=(36.1,28.9) s=+0.00  mc=28.1
  L1 trigger  t=1186741749.441  newsnr=5.24  m=(18.0,12.0) s=+0.00  mc=12.7
  L1 trigger  t=1186741763.069  newsnr=5.51  m=(18.0,12.0) s=+0.00  mc=12.7
  L1 trigger  t=1186741768.471  newsnr=5.21  m=(39.0,26.0) s=+0.00  mc=27.6
  L1 trigger  t=1186741777.729  newsnr=5.10  m=(11.1,8.9) s=+0.00  mc=8.6
  L1 trigger  t=1186741791.321  newsnr=5.28  m=(47.2,37.8) s=+0.00  mc=36.7
  L1 trigger  t=1186741792.996  newsnr=5.27  m=(43.2,28.8) s=+0.00  mc=30.6
  L1 trigger  t=1186741809.242  newsnr=6.14  m=(44.0,11.0) s=+0.00  mc=18.3
  L1 trigger  t=1186741813.519  newsnr=5.40  m=(60.0,40.0) s=+0.00  mc=42.5
  L1 trigger  t=1186741832.428  newsnr=5.30  m=(20.0,10.0) s=+0.00  mc=12.2
  L1 trigger  t=1186741856.655  newsnr=5.10  m=(6.7,5.3) s=+0.00  mc=5.2
  L1 trigger  t=1186741861.525  newsnr=11.12  m=(48.8,16.2) s=+0.00  mc=23.8
  L1 trigger  t=1186741868.996  newsnr=5.27  m=(18.0,12.0) s=+0.00  mc=12.7
  L1 trigger  t=1186741870.943  newsnr=5.48  m=(7.2,4.8) s=+0.00  mc=5.1
  L1 trigger  t=1186741894.646  newsnr=5.09  m=(13.3,6.7) s=+0.00  mc=8.1
  L1 trigger  t=1186741895.907  newsnr=5.12  m=(15.0,15.0) s=+0.00  mc=13.1
  L1 trigger  t=1186741897.525  newsnr=5.33  m=(48.8,16.2) s=+0.00  mc=23.8
  L1 trigger  t=1186741908.912  newsnr=5.41  m=(33.8,11.2) s=+0.00  mc=16.5
  L1 trigger  t=1186741915.938  newsnr=5.95  m=(11.1,8.9) s=+0.00  mc=8.6
  L1 trigger  t=1186741917.148  newsnr=5.25  m=(15.0,5.0) s=+0.00  mc=7.3
  L1 trigger  t=1186741919.350  newsnr=5.52  m=(9.6,2.4) s=+0.00  mc=4.0
  L1 trigger  t=1186741928.423  newsnr=5.43  m=(7.2,4.8) s=+0.00  mc=5.1
  L1 trigger  t=1186741938.267  newsnr=5.46  m=(20.0,10.0) s=+0.00  mc=12.2
  L1 trigger  t=1186741969.464  newsnr=5.26  m=(52.0,13.0) s=+0.00  mc=21.6
  L1 trigger  t=1186741975.214  newsnr=5.11  m=(41.2,13.8) s=+0.00  mc=20.1
  L1 trigger  t=1186741978.672  newsnr=5.39  m=(11.1,8.9) s=+0.00  mc=8.6
  L1 trigger  t=1186741981.600  newsnr=5.08  m=(7.2,4.8) s=+0.00  mc=5.1
  L1 trigger  t=1186741985.610  newsnr=5.55  m=(7.2,4.8) s=+0.00  mc=5.1
  L1 trigger  t=1186741988.360  newsnr=5.08  m=(22.5,7.5) s=+0.00  mc=11.0
  L1 trigger  t=1186741990.355  newsnr=5.66  m=(36.0,9.0) s=+0.00  mc=15.0
  L1 trigger  t=1186742003.984  newsnr=5.02  m=(8.0,4.0) s=+0.00  mc=4.9
  L1 trigger  t=1186742035.743  newsnr=5.42  m=(33.0,22.0) s=+0.00  mc=23.4
  L1 trigger  t=1186742038.397  newsnr=5.10  m=(56.7,28.3) s=+0.00  mc=34.5
  L1 trigger  t=1186742040.162  newsnr=5.73  m=(12.0,8.0) s=+0.00  mc=8.5
  L1 trigger  t=1186742049.164  newsnr=5.15  m=(33.0,22.0) s=+0.00  mc=23.4
  L1 trigger  t=1186742053.859  newsnr=5.21  m=(10.0,10.0) s=+0.00  mc=8.7
  L1 trigger  t=1186742059.724  newsnr=5.10  m=(32.5,32.5) s=+0.00  mc=28.3
  L1 trigger  t=1186742069.519  newsnr=5.13  m=(41.2,13.8) s=+0.00  mc=20.1
  L1 trigger  t=1186742074.815  newsnr=5.12  m=(20.0,10.0) s=+0.00  mc=12.2
  L1 trigger  t=1186742079.967  newsnr=5.24  m=(8.0,4.0) s=+0.00  mc=4.9
  L1 trigger  t=1186742087.049  newsnr=5.25  m=(10.0,10.0) s=+0.00  mc=8.7
  L1 trigger  t=1186742099.533  newsnr=5.13  m=(11.1,8.9) s=+0.00  mc=8.6
  L1 trigger  t=1186742104.201  newsnr=5.05  m=(39.0,26.0) s=+0.00  mc=27.6
  L1 trigger  t=1186742106.053  newsnr=5.94  m=(13.3,6.7) s=+0.00  mc=8.1
  L1 trigger  t=1186742109.051  newsnr=5.16  m=(7.2,4.8) s=+0.00  mc=5.1
  L1 trigger  t=1186742120.162  newsnr=5.05  m=(63.8,21.2) s=+0.00  mc=31.1
  L1 trigger  t=1186742126.058  newsnr=5.13  m=(30.6,24.4) s=+0.00  mc=23.8
  L1 trigger  t=1186742129.125  newsnr=5.07  m=(16.7,13.3) s=+0.00  mc=13.0
  L1 trigger  t=1186742130.321  newsnr=5.22  m=(27.0,18.0) s=+0.00  mc=19.1
  L1 trigger  t=1186742134.793  newsnr=5.12  m=(9.0,3.0) s=+0.00  mc=4.4
  L1 trigger  t=1186742137.885  newsnr=5.67  m=(30.0,15.0) s=+0.00  mc=18.3
  L1 trigger  t=1186742139.985  newsnr=5.10  m=(15.0,5.0) s=+0.00  mc=7.3
  L1 trigger  t=1186742144.059  newsnr=5.79  m=(7.2,4.8) s=+0.00  mc=5.1
  L1 trigger  t=1186742176.267  newsnr=5.54  m=(11.1,8.9) s=+0.00  mc=8.6
  L1 trigger  t=1186742209.567  newsnr=5.10  m=(39.0,26.0) s=+0.00  mc=27.6
  zero-lag coincidences: 2
  background coincidences: 51 over 4.73 days

  t=1186741861.533  stat=14.44  m=(43.3,21.7)  FAR=0.000e+00/yr
  t=1186741230.748  stat=7.43  m=(16.0,4.0)  FAR=1.312e+03/yr

======================================================================
STAGE B -- DISPERSION PROFILING (alpha family)
======================================================================

  candidate t=1186741861.533  template (43.3, 21.7, s=+0.00)
    alpha=0.0   B = +4.5770e+01 +/- 9.0552e+01  z=+0.90
                  SNR 9.107 -> 9.254
    alpha=2.5   B = +2.7328e-04 +/- 4.2021e-04  z=+1.08
                  SNR 9.107 -> 9.141
                  FLAT PROFILE (dSNR^2 = 0.63):
                  B is unconstrained within one alias
                  period. The edge is where the noise
                  points, not a preference. Null result.
    alpha=3.0   B = +1.2003e-05 +/- 1.8591e-05  z=+1.09
                  SNR 9.107 -> 9.140
                  FLAT PROFILE (dSNR^2 = 0.61):
                  B is unconstrained within one alias
                  period. The edge is where the noise
                  points, not a preference. Null result.
    alpha=3.5   B = +4.4149e-07 +/- 8.1958e-07  z=+0.92
                  SNR 9.107 -> 9.130
    alpha=4.0   B = +2.3408e-08 +/- 3.6288e-08  z=+1.08  ->  +1.159e-01 +/- 1.796e-01
                  SNR 9.107 -> 9.123
                  FLAT PROFILE (dSNR^2 = 0.31):
                  B is unconstrained within one alias
                  period. The edge is where the noise
                  points, not a preference. Null result.

  written: events/GW170814_results.json

  Report every alpha as an interval. A z below ~3 with a
  boundary-free maximum means: consistent with GR, and the
  bound is the 90% CI. It does not mean GR is confirmed.
[GW170814] done in 49.9 min -> events/GW170814_results.json

======================================================================
[GW170823] starting  GPS=1187529256.500
======================================================================
======================================================================
STAGE A1 -- CONDITIONING
======================================================================
  H1: 4088s @ 4096 Hz
  L1: 4088s @ 4096 Hz
  bank: 54 templates (9 x 6 x 1)

======================================================================
STAGE A2/A3 -- SLIDING-WINDOW SEARCH + CHI-SQUARED VETO
======================================================================
  [H1] blocks of 64s, overlap 8s, 54 templates
    block 5/72  triggers so far: 293
    block 10/72  triggers so far: 844
    block 15/72  triggers so far: 1254
    block 20/72  triggers so far: 1837
    block 25/72  triggers so far: 2013
    block 30/72  triggers so far: 2371
    block 35/72  triggers so far: 2704
    block 40/72  triggers so far: 2976
    block 45/72  triggers so far: 3120
    block 50/72  triggers so far: 3692
    block 55/72  triggers so far: 4005
    block 60/72  triggers so far: 4391
    block 65/72  triggers so far: 5008
    block 70/72  triggers so far: 5317
  [H1] 5471 raw -> 478 clustered triggers
  [L1] blocks of 64s, overlap 8s, 54 templates
    block 5/72  triggers so far: 644
    block 10/72  triggers so far: 1458
    block 15/72  triggers so far: 2038
    block 20/72  triggers so far: 2536
    block 25/72  triggers so far: 3125
    block 30/72  triggers so far: 3726
    block 35/72  triggers so far: 4206
    block 40/72  triggers so far: 4680
    block 45/72  triggers so far: 5074
    block 50/72  triggers so far: 5526
    block 55/72  triggers so far: 5891
    block 60/72  triggers so far: 6333
    block 65/72  triggers so far: 6683
    block 70/72  triggers so far: 7244
  [L1] 7438 raw -> 627 clustered triggers

======================================================================
STAGE A4/A5 -- COINCIDENCE + TIME-SLIDE BACKGROUND
======================================================================
  H1 trigger  t=1187528733.909  newsnr=5.09  m=(22.5,7.5) s=+0.00  mc=11.0
  H1 trigger  t=1187528739.605  newsnr=5.06  m=(9.0,3.0) s=+0.00  mc=4.4
  H1 trigger  t=1187528748.451  newsnr=5.17  m=(43.2,28.8) s=+0.00  mc=30.6
  H1 trigger  t=1187528762.642  newsnr=5.19  m=(20.0,10.0) s=+0.00  mc=12.2
  H1 trigger  t=1187528767.151  newsnr=5.06  m=(7.2,4.8) s=+0.00  mc=5.1
  H1 trigger  t=1187528786.048  newsnr=5.05  m=(41.2,13.8) s=+0.00  mc=20.1
  H1 trigger  t=1187528796.605  newsnr=5.67  m=(22.5,22.5) s=+0.00  mc=19.6
  H1 trigger  t=1187528802.264  newsnr=5.44  m=(41.2,13.8) s=+0.00  mc=20.1
  H1 trigger  t=1187528824.296  newsnr=5.11  m=(36.0,9.0) s=+0.00  mc=15.0
  H1 trigger  t=1187528827.745  newsnr=5.01  m=(6.7,5.3) s=+0.00  mc=5.2
  H1 trigger  t=1187528839.704  newsnr=5.14  m=(8.0,4.0) s=+0.00  mc=4.9
  H1 trigger  t=1187528840.969  newsnr=5.07  m=(22.5,7.5) s=+0.00  mc=11.0
  H1 trigger  t=1187528847.877  newsnr=5.53  m=(10.0,10.0) s=+0.00  mc=8.7
  H1 trigger  t=1187528848.929  newsnr=5.01  m=(75.0,25.0) s=+0.00  mc=36.6
  H1 trigger  t=1187528856.435  newsnr=5.02  m=(13.3,6.7) s=+0.00  mc=8.1
  H1 trigger  t=1187528877.689  newsnr=5.47  m=(11.1,8.9) s=+0.00  mc=8.6
  H1 trigger  t=1187528885.803  newsnr=5.18  m=(9.0,3.0) s=+0.00  mc=4.4
  H1 trigger  t=1187528894.463  newsnr=5.06  m=(30.0,15.0) s=+0.00  mc=18.3
  H1 trigger  t=1187528908.354  newsnr=5.14  m=(32.5,32.5) s=+0.00  mc=28.3
  H1 trigger  t=1187528914.206  newsnr=5.02  m=(22.5,7.5) s=+0.00  mc=11.0
  H1 trigger  t=1187528923.411  newsnr=5.08  m=(8.0,4.0) s=+0.00  mc=4.9
  H1 trigger  t=1187528926.317  newsnr=5.36  m=(44.0,11.0) s=+0.00  mc=18.3
  H1 trigger  t=1187528929.452  newsnr=5.14  m=(15.0,15.0) s=+0.00  mc=13.1
  H1 trigger  t=1187528933.376  newsnr=6.40  m=(16.7,13.3) s=+0.00  mc=13.0
  H1 trigger  t=1187528934.848  newsnr=5.07  m=(36.1,28.9) s=+0.00  mc=28.1
  H1 trigger  t=1187528937.159  newsnr=5.03  m=(24.0,6.0) s=+0.00  mc=10.0
  H1 trigger  t=1187528947.077  newsnr=5.11  m=(44.0,11.0) s=+0.00  mc=18.3
  H1 trigger  t=1187528955.022  newsnr=5.01  m=(48.8,16.2) s=+0.00  mc=23.8
  H1 trigger  t=1187528957.463  newsnr=5.16  m=(16.7,13.3) s=+0.00  mc=13.0
  H1 trigger  t=1187528961.877  newsnr=5.44  m=(36.0,9.0) s=+0.00  mc=15.0
  H1 trigger  t=1187528965.925  newsnr=5.39  m=(51.0,34.0) s=+0.00  mc=36.1
  H1 trigger  t=1187529007.056  newsnr=5.03  m=(8.0,4.0) s=+0.00  mc=4.9
  H1 trigger  t=1187529010.070  newsnr=5.03  m=(27.5,27.5) s=+0.00  mc=23.9
  H1 trigger  t=1187529018.705  newsnr=5.27  m=(11.1,8.9) s=+0.00  mc=8.6
  H1 trigger  t=1187529028.540  newsnr=5.13  m=(43.3,21.7) s=+0.00  mc=26.4
  H1 trigger  t=1187529034.933  newsnr=5.07  m=(10.0,10.0) s=+0.00  mc=8.7
  H1 trigger  t=1187529037.735  newsnr=5.83  m=(12.0,8.0) s=+0.00  mc=8.5
  H1 trigger  t=1187529057.091  newsnr=5.12  m=(68.0,17.0) s=+0.00  mc=28.3
  H1 trigger  t=1187529059.013  newsnr=5.16  m=(80.0,20.0) s=+0.00  mc=33.3
  H1 trigger  t=1187529077.489  newsnr=5.22  m=(15.0,5.0) s=+0.00  mc=7.3
  H1 trigger  t=1187529084.989  newsnr=5.01  m=(24.0,6.0) s=+0.00  mc=10.0
  H1 trigger  t=1187529095.357  newsnr=5.17  m=(10.0,10.0) s=+0.00  mc=8.7
  H1 trigger  t=1187529102.719  newsnr=5.19  m=(6.7,5.3) s=+0.00  mc=5.2
  H1 trigger  t=1187529107.635  newsnr=5.06  m=(44.0,11.0) s=+0.00  mc=18.3
  H1 trigger  t=1187529109.519  newsnr=5.80  m=(30.0,15.0) s=+0.00  mc=18.3
  H1 trigger  t=1187529118.365  newsnr=5.20  m=(12.0,8.0) s=+0.00  mc=8.5
  H1 trigger  t=1187529139.025  newsnr=5.43  m=(9.0,3.0) s=+0.00  mc=4.4
  H1 trigger  t=1187529140.352  newsnr=5.83  m=(8.0,4.0) s=+0.00  mc=4.9
  H1 trigger  t=1187529159.625  newsnr=5.09  m=(56.7,28.3) s=+0.00  mc=34.5
  H1 trigger  t=1187529164.002  newsnr=5.56  m=(12.0,8.0) s=+0.00  mc=8.5
  H1 trigger  t=1187529193.829  newsnr=5.08  m=(20.0,10.0) s=+0.00  mc=12.2
  H1 trigger  t=1187529197.978  newsnr=5.16  m=(12.0,8.0) s=+0.00  mc=8.5
  H1 trigger  t=1187529202.960  newsnr=5.15  m=(9.6,2.4) s=+0.00  mc=4.0
  H1 trigger  t=1187529222.144  newsnr=5.01  m=(13.3,6.7) s=+0.00  mc=8.1
  H1 trigger  t=1187529233.269  newsnr=5.23  m=(22.5,7.5) s=+0.00  mc=11.0
  H1 trigger  t=1187529244.055  newsnr=5.43  m=(13.3,6.7) s=+0.00  mc=8.1
  H1 trigger  t=1187529250.243  newsnr=5.23  m=(12.0,8.0) s=+0.00  mc=8.5
  H1 trigger  t=1187529252.472  newsnr=5.47  m=(9.6,2.4) s=+0.00  mc=4.0
  H1 trigger  t=1187529253.688  newsnr=5.02  m=(22.5,7.5) s=+0.00  mc=11.0
  H1 trigger  t=1187529256.515  newsnr=6.71  m=(63.8,21.2) s=+0.00  mc=31.1
  H1 trigger  t=1187529265.059  newsnr=5.47  m=(24.0,6.0) s=+0.00  mc=10.0
  H1 trigger  t=1187529273.894  newsnr=5.50  m=(27.0,18.0) s=+0.00  mc=19.1
  H1 trigger  t=1187529289.714  newsnr=5.14  m=(20.0,10.0) s=+0.00  mc=12.2
  H1 trigger  t=1187529302.238  newsnr=5.00  m=(10.0,10.0) s=+0.00  mc=8.7
  H1 trigger  t=1187529312.389  newsnr=5.40  m=(68.0,17.0) s=+0.00  mc=28.3
  H1 trigger  t=1187529318.448  newsnr=5.25  m=(11.1,8.9) s=+0.00  mc=8.6
  H1 trigger  t=1187529329.708  newsnr=5.34  m=(57.6,14.4) s=+0.00  mc=24.0
  H1 trigger  t=1187529331.130  newsnr=5.18  m=(7.2,4.8) s=+0.00  mc=5.1
  H1 trigger  t=1187529346.742  newsnr=5.01  m=(7.2,4.8) s=+0.00  mc=5.1
  H1 trigger  t=1187529355.709  newsnr=5.05  m=(7.2,4.8) s=+0.00  mc=5.1
  H1 trigger  t=1187529357.383  newsnr=5.29  m=(6.0,6.0) s=+0.00  mc=5.2
  H1 trigger  t=1187529360.862  newsnr=5.18  m=(36.0,9.0) s=+0.00  mc=15.0
  H1 trigger  t=1187529361.897  newsnr=5.23  m=(6.7,5.3) s=+0.00  mc=5.2
  H1 trigger  t=1187529368.041  newsnr=5.45  m=(57.6,14.4) s=+0.00  mc=24.0
  H1 trigger  t=1187529369.719  newsnr=5.22  m=(33.8,11.2) s=+0.00  mc=16.5
  H1 trigger  t=1187529372.990  newsnr=5.13  m=(36.7,18.3) s=+0.00  mc=22.3
  H1 trigger  t=1187529401.532  newsnr=5.56  m=(20.0,10.0) s=+0.00  mc=12.2
  H1 trigger  t=1187529419.162  newsnr=5.35  m=(8.0,4.0) s=+0.00  mc=4.9
  H1 trigger  t=1187529428.765  newsnr=5.04  m=(10.0,10.0) s=+0.00  mc=8.7
  H1 trigger  t=1187529433.604  newsnr=5.15  m=(6.7,5.3) s=+0.00  mc=5.2
  H1 trigger  t=1187529446.589  newsnr=5.05  m=(6.0,6.0) s=+0.00  mc=5.2
  H1 trigger  t=1187529450.010  newsnr=5.65  m=(16.0,4.0) s=+0.00  mc=6.7
  H1 trigger  t=1187529453.271  newsnr=5.08  m=(9.6,2.4) s=+0.00  mc=4.0
  H1 trigger  t=1187529454.387  newsnr=5.18  m=(13.3,6.7) s=+0.00  mc=8.1
  H1 trigger  t=1187529455.479  newsnr=5.43  m=(57.6,14.4) s=+0.00  mc=24.0
  H1 trigger  t=1187529461.466  newsnr=5.15  m=(16.0,4.0) s=+0.00  mc=6.7
  H1 trigger  t=1187529490.150  newsnr=5.34  m=(36.1,28.9) s=+0.00  mc=28.1
  H1 trigger  t=1187529494.647  newsnr=5.21  m=(6.0,6.0) s=+0.00  mc=5.2
  H1 trigger  t=1187529505.498  newsnr=5.17  m=(13.3,6.7) s=+0.00  mc=8.1
  H1 trigger  t=1187529511.847  newsnr=5.12  m=(6.7,5.3) s=+0.00  mc=5.2
  H1 trigger  t=1187529526.771  newsnr=5.38  m=(36.7,18.3) s=+0.00  mc=22.3
  H1 trigger  t=1187529533.963  newsnr=5.39  m=(16.7,13.3) s=+0.00  mc=13.0
  H1 trigger  t=1187529536.887  newsnr=5.58  m=(18.0,12.0) s=+0.00  mc=12.7
  H1 trigger  t=1187529537.988  newsnr=5.02  m=(11.1,8.9) s=+0.00  mc=8.6
  H1 trigger  t=1187529543.522  newsnr=5.12  m=(16.7,13.3) s=+0.00  mc=13.0
  H1 trigger  t=1187529549.518  newsnr=5.89  m=(22.5,22.5) s=+0.00  mc=19.6
  H1 trigger  t=1187529566.264  newsnr=5.15  m=(6.7,5.3) s=+0.00  mc=5.2
  H1 trigger  t=1187529572.633  newsnr=5.17  m=(8.0,4.0) s=+0.00  mc=4.9
  H1 trigger  t=1187529578.278  newsnr=5.13  m=(63.8,21.2) s=+0.00  mc=31.1
  H1 trigger  t=1187529579.618  newsnr=5.02  m=(11.1,8.9) s=+0.00  mc=8.6
  H1 trigger  t=1187529582.771  newsnr=5.09  m=(36.0,9.0) s=+0.00  mc=15.0
  H1 trigger  t=1187529586.975  newsnr=5.68  m=(24.0,6.0) s=+0.00  mc=10.0
  H1 trigger  t=1187529591.926  newsnr=5.21  m=(6.0,6.0) s=+0.00  mc=5.2
  H1 trigger  t=1187529605.538  newsnr=5.04  m=(7.2,4.8) s=+0.00  mc=5.1
  H1 trigger  t=1187529615.263  newsnr=5.10  m=(43.3,21.7) s=+0.00  mc=26.4
  H1 trigger  t=1187529623.491  newsnr=5.25  m=(27.0,18.0) s=+0.00  mc=19.1
  H1 trigger  t=1187529641.562  newsnr=5.16  m=(16.0,4.0) s=+0.00  mc=6.7
  H1 trigger  t=1187529649.341  newsnr=5.05  m=(80.0,20.0) s=+0.00  mc=33.3
  H1 trigger  t=1187529654.183  newsnr=5.82  m=(24.0,6.0) s=+0.00  mc=10.0
  H1 trigger  t=1187529657.889  newsnr=5.23  m=(8.0,4.0) s=+0.00  mc=4.9
  H1 trigger  t=1187529661.512  newsnr=5.17  m=(9.0,3.0) s=+0.00  mc=4.4
  H1 trigger  t=1187529671.746  newsnr=5.33  m=(57.6,14.4) s=+0.00  mc=24.0
  H1 trigger  t=1187529679.450  newsnr=5.06  m=(6.7,5.3) s=+0.00  mc=5.2
  H1 trigger  t=1187529687.642  newsnr=5.17  m=(55.6,44.4) s=+0.00  mc=43.2
  H1 trigger  t=1187529697.374  newsnr=5.00  m=(18.0,12.0) s=+0.00  mc=12.7
  H1 trigger  t=1187529709.003  newsnr=5.29  m=(40.0,32.0) s=+0.00  mc=31.1
  H1 trigger  t=1187529715.601  newsnr=5.09  m=(30.0,15.0) s=+0.00  mc=18.3
  H1 trigger  t=1187529720.571  newsnr=5.08  m=(36.0,9.0) s=+0.00  mc=15.0
  H1 trigger  t=1187529725.755  newsnr=5.12  m=(30.0,15.0) s=+0.00  mc=18.3
  H1 trigger  t=1187529734.397  newsnr=5.07  m=(9.6,2.4) s=+0.00  mc=4.0
  H1 trigger  t=1187529740.271  newsnr=5.27  m=(16.0,4.0) s=+0.00  mc=6.7
  H1 trigger  t=1187529745.527  newsnr=5.22  m=(39.0,26.0) s=+0.00  mc=27.6
  H1 trigger  t=1187529754.937  newsnr=5.06  m=(15.0,5.0) s=+0.00  mc=7.3
  H1 trigger  t=1187529758.460  newsnr=5.37  m=(48.8,16.2) s=+0.00  mc=23.8
  H1 trigger  t=1187529759.624  newsnr=5.06  m=(6.0,6.0) s=+0.00  mc=5.2
  H1 trigger  t=1187529762.443  newsnr=5.42  m=(33.8,11.2) s=+0.00  mc=16.5
  H1 trigger  t=1187529767.823  newsnr=5.00  m=(15.0,5.0) s=+0.00  mc=7.3
  H1 trigger  t=1187529777.555  newsnr=5.76  m=(6.0,6.0) s=+0.00  mc=5.2
  H1 trigger  t=1187529779.102  newsnr=5.74  m=(33.0,22.0) s=+0.00  mc=23.4
  H1 trigger  t=1187529783.020  newsnr=5.07  m=(6.7,5.3) s=+0.00  mc=5.2
  H1 trigger  t=1187529792.789  newsnr=5.24  m=(75.0,25.0) s=+0.00  mc=36.6
  H1 trigger  t=1187529801.651  newsnr=5.12  m=(22.5,7.5) s=+0.00  mc=11.0
  H1 trigger  t=1187529804.370  newsnr=5.11  m=(44.0,11.0) s=+0.00  mc=18.3
  H1 trigger  t=1187529805.938  newsnr=5.03  m=(8.0,4.0) s=+0.00  mc=4.9
  H1 trigger  t=1187529816.465  newsnr=5.39  m=(30.0,15.0) s=+0.00  mc=18.3
  H1 trigger  t=1187529822.804  newsnr=5.25  m=(6.7,5.3) s=+0.00  mc=5.2
  H1 trigger  t=1187529843.160  newsnr=5.27  m=(7.2,4.8) s=+0.00  mc=5.1
  H1 trigger  t=1187529851.459  newsnr=5.27  m=(16.0,4.0) s=+0.00  mc=6.7
  H1 trigger  t=1187529865.370  newsnr=5.31  m=(16.0,4.0) s=+0.00  mc=6.7
  H1 trigger  t=1187529868.080  newsnr=5.01  m=(18.0,12.0) s=+0.00  mc=12.7
  H1 trigger  t=1187529872.902  newsnr=5.07  m=(15.0,5.0) s=+0.00  mc=7.3
  H1 trigger  t=1187529876.641  newsnr=5.16  m=(33.8,11.2) s=+0.00  mc=16.5
  H1 trigger  t=1187529882.413  newsnr=5.63  m=(6.0,6.0) s=+0.00  mc=5.2
  H1 trigger  t=1187529887.084  newsnr=5.07  m=(16.7,13.3) s=+0.00  mc=13.0
  H1 trigger  t=1187529908.966  newsnr=5.54  m=(11.1,8.9) s=+0.00  mc=8.6
  H1 trigger  t=1187529921.485  newsnr=5.30  m=(44.0,11.0) s=+0.00  mc=18.3
  H1 trigger  t=1187529925.396  newsnr=5.51  m=(16.0,4.0) s=+0.00  mc=6.7
  H1 trigger  t=1187529926.765  newsnr=5.58  m=(9.6,2.4) s=+0.00  mc=4.0
  H1 trigger  t=1187529934.267  newsnr=5.02  m=(36.7,18.3) s=+0.00  mc=22.3
  H1 trigger  t=1187529943.960  newsnr=5.55  m=(10.0,10.0) s=+0.00  mc=8.7
  H1 trigger  t=1187529945.932  newsnr=5.11  m=(15.0,15.0) s=+0.00  mc=13.1
  H1 trigger  t=1187529949.723  newsnr=5.11  m=(15.0,5.0) s=+0.00  mc=7.3
  H1 trigger  t=1187529953.038  newsnr=5.08  m=(10.0,10.0) s=+0.00  mc=8.7
  H1 trigger  t=1187529961.610  newsnr=5.36  m=(16.7,13.3) s=+0.00  mc=13.0
  H1 trigger  t=1187529965.693  newsnr=5.01  m=(32.5,32.5) s=+0.00  mc=28.3
  H1 trigger  t=1187529970.813  newsnr=5.05  m=(40.0,32.0) s=+0.00  mc=31.1
  H1 trigger  t=1187529990.578  newsnr=5.08  m=(48.8,16.2) s=+0.00  mc=23.8
  H1 trigger  t=1187530000.924  newsnr=5.10  m=(33.8,11.2) s=+0.00  mc=16.5
  H1 trigger  t=1187530007.406  newsnr=5.03  m=(24.0,6.0) s=+0.00  mc=10.0
  H1 trigger  t=1187530010.596  newsnr=5.15  m=(36.0,36.0) s=+0.00  mc=31.3
  H1 trigger  t=1187530022.572  newsnr=5.09  m=(20.0,10.0) s=+0.00  mc=12.2
  H1 trigger  t=1187530026.819  newsnr=5.18  m=(24.0,6.0) s=+0.00  mc=10.0
  H1 trigger  t=1187530034.408  newsnr=5.13  m=(15.0,5.0) s=+0.00  mc=7.3
  H1 trigger  t=1187530035.420  newsnr=5.24  m=(25.0,20.0) s=+0.00  mc=19.4
  H1 trigger  t=1187530046.121  newsnr=5.19  m=(8.0,4.0) s=+0.00  mc=4.9
  H1 trigger  t=1187530061.412  newsnr=5.20  m=(16.0,4.0) s=+0.00  mc=6.7
  H1 trigger  t=1187530089.275  newsnr=5.17  m=(43.3,21.7) s=+0.00  mc=26.4
  H1 trigger  t=1187530113.354  newsnr=5.18  m=(11.1,8.9) s=+0.00  mc=8.6
  H1 trigger  t=1187530117.201  newsnr=5.12  m=(9.0,3.0) s=+0.00  mc=4.4
  H1 trigger  t=1187530125.346  newsnr=5.18  m=(22.5,7.5) s=+0.00  mc=11.0
  H1 trigger  t=1187530134.918  newsnr=5.02  m=(20.0,10.0) s=+0.00  mc=12.2
  H1 trigger  t=1187530156.429  newsnr=5.17  m=(39.0,26.0) s=+0.00  mc=27.6
  H1 trigger  t=1187530179.287  newsnr=5.12  m=(15.0,15.0) s=+0.00  mc=13.1
  H1 trigger  t=1187530180.381  newsnr=5.08  m=(41.2,13.8) s=+0.00  mc=20.1
  H1 trigger  t=1187530184.626  newsnr=5.43  m=(24.0,6.0) s=+0.00  mc=10.0
  H1 trigger  t=1187530185.850  newsnr=5.21  m=(33.8,11.2) s=+0.00  mc=16.5
  H1 trigger  t=1187530194.426  newsnr=5.05  m=(24.0,6.0) s=+0.00  mc=10.0
  H1 trigger  t=1187530197.572  newsnr=5.32  m=(9.6,2.4) s=+0.00  mc=4.0
  H1 trigger  t=1187530203.304  newsnr=5.06  m=(36.7,18.3) s=+0.00  mc=22.3
  H1 trigger  t=1187530220.014  newsnr=5.21  m=(24.0,6.0) s=+0.00  mc=10.0
  H1 trigger  t=1187530227.896  newsnr=5.12  m=(7.2,4.8) s=+0.00  mc=5.1
  H1 trigger  t=1187530234.902  newsnr=5.01  m=(42.5,42.5) s=+0.00  mc=37.0
  H1 trigger  t=1187530235.950  newsnr=5.05  m=(18.0,12.0) s=+0.00  mc=12.7
  H1 trigger  t=1187530237.049  newsnr=5.16  m=(24.0,6.0) s=+0.00  mc=10.0
  H1 trigger  t=1187530244.366  newsnr=5.61  m=(44.0,11.0) s=+0.00  mc=18.3
  H1 trigger  t=1187530250.360  newsnr=5.08  m=(11.1,8.9) s=+0.00  mc=8.6
  H1 trigger  t=1187530257.854  newsnr=5.77  m=(22.5,7.5) s=+0.00  mc=11.0
  H1 trigger  t=1187530267.401  newsnr=5.20  m=(7.2,4.8) s=+0.00  mc=5.1
  H1 trigger  t=1187530287.448  newsnr=5.08  m=(16.0,4.0) s=+0.00  mc=6.7
  H1 trigger  t=1187530292.543  newsnr=5.30  m=(13.3,6.7) s=+0.00  mc=8.1
  H1 trigger  t=1187530293.642  newsnr=5.57  m=(30.0,15.0) s=+0.00  mc=18.3
  H1 trigger  t=1187530298.900  newsnr=5.18  m=(15.0,15.0) s=+0.00  mc=13.1
  H1 trigger  t=1187530309.581  newsnr=5.13  m=(13.3,6.7) s=+0.00  mc=8.1
  H1 trigger  t=1187530313.438  newsnr=5.10  m=(18.0,12.0) s=+0.00  mc=12.7
  H1 trigger  t=1187530320.734  newsnr=5.30  m=(41.2,13.8) s=+0.00  mc=20.1
  H1 trigger  t=1187530331.816  newsnr=5.52  m=(16.7,13.3) s=+0.00  mc=13.0
  H1 trigger  t=1187530338.961  newsnr=5.84  m=(6.7,5.3) s=+0.00  mc=5.2
  H1 trigger  t=1187530343.436  newsnr=5.49  m=(27.5,27.5) s=+0.00  mc=23.9
  H1 trigger  t=1187530347.463  newsnr=5.37  m=(22.5,7.5) s=+0.00  mc=11.0
  H1 trigger  t=1187530357.605  newsnr=5.04  m=(16.0,4.0) s=+0.00  mc=6.7
  H1 trigger  t=1187530369.723  newsnr=5.03  m=(15.0,5.0) s=+0.00  mc=7.3
  H1 trigger  t=1187530374.854  newsnr=5.06  m=(25.0,20.0) s=+0.00  mc=19.4
  H1 trigger  t=1187530376.114  newsnr=5.25  m=(8.0,4.0) s=+0.00  mc=4.9
  H1 trigger  t=1187530383.369  newsnr=5.32  m=(18.0,12.0) s=+0.00  mc=12.7
  H1 trigger  t=1187530387.247  newsnr=5.05  m=(6.0,6.0) s=+0.00  mc=5.2
  H1 trigger  t=1187530394.567  newsnr=5.09  m=(7.2,4.8) s=+0.00  mc=5.1
  H1 trigger  t=1187530407.573  newsnr=5.41  m=(24.0,6.0) s=+0.00  mc=10.0
  H1 trigger  t=1187530418.156  newsnr=5.46  m=(57.6,14.4) s=+0.00  mc=24.0
  H1 trigger  t=1187530457.505  newsnr=5.16  m=(44.0,11.0) s=+0.00  mc=18.3
  H1 trigger  t=1187530490.520  newsnr=5.38  m=(39.0,26.0) s=+0.00  mc=27.6
  H1 trigger  t=1187530501.521  newsnr=5.05  m=(30.0,15.0) s=+0.00  mc=18.3
  H1 trigger  t=1187530534.008  newsnr=5.21  m=(24.0,6.0) s=+0.00  mc=10.0
  H1 trigger  t=1187530549.179  newsnr=5.05  m=(7.2,4.8) s=+0.00  mc=5.1
  H1 trigger  t=1187530581.846  newsnr=5.04  m=(18.0,12.0) s=+0.00  mc=12.7
  H1 trigger  t=1187530585.816  newsnr=5.76  m=(63.8,21.2) s=+0.00  mc=31.1
  H1 trigger  t=1187530591.134  newsnr=5.01  m=(48.8,16.2) s=+0.00  mc=23.8
  H1 trigger  t=1187530614.415  newsnr=5.62  m=(16.0,4.0) s=+0.00  mc=6.7
  H1 trigger  t=1187530623.541  newsnr=5.28  m=(12.0,8.0) s=+0.00  mc=8.5
  H1 trigger  t=1187530628.233  newsnr=5.07  m=(10.0,10.0) s=+0.00  mc=8.7
  H1 trigger  t=1187530631.739  newsnr=5.17  m=(22.5,7.5) s=+0.00  mc=11.0
  H1 trigger  t=1187530637.145  newsnr=5.12  m=(18.0,12.0) s=+0.00  mc=12.7
  H1 trigger  t=1187530638.463  newsnr=5.14  m=(16.7,13.3) s=+0.00  mc=13.0
  H1 trigger  t=1187530670.005  newsnr=5.25  m=(6.0,6.0) s=+0.00  mc=5.2
  H1 trigger  t=1187530674.150  newsnr=5.35  m=(10.0,10.0) s=+0.00  mc=8.7
  H1 trigger  t=1187530696.981  newsnr=5.03  m=(33.8,11.2) s=+0.00  mc=16.5
  H1 trigger  t=1187530723.551  newsnr=5.65  m=(16.0,4.0) s=+0.00  mc=6.7
  H1 trigger  t=1187530725.929  newsnr=5.07  m=(6.0,6.0) s=+0.00  mc=5.2
  H1 trigger  t=1187530752.986  newsnr=5.04  m=(13.3,6.7) s=+0.00  mc=8.1
  H1 trigger  t=1187530765.686  newsnr=5.06  m=(18.0,12.0) s=+0.00  mc=12.7
  H1 trigger  t=1187530769.875  newsnr=5.38  m=(10.0,10.0) s=+0.00  mc=8.7
  H1 trigger  t=1187530774.131  newsnr=5.21  m=(7.2,4.8) s=+0.00  mc=5.1
  H1 trigger  t=1187530783.333  newsnr=5.36  m=(39.0,26.0) s=+0.00  mc=27.6
  H1 trigger  t=1187530795.186  newsnr=5.27  m=(9.6,2.4) s=+0.00  mc=4.0
  H1 trigger  t=1187530801.794  newsnr=5.16  m=(10.0,10.0) s=+0.00  mc=8.7
  H1 trigger  t=1187530829.838  newsnr=5.39  m=(13.3,6.7) s=+0.00  mc=8.1
  H1 trigger  t=1187530839.522  newsnr=5.12  m=(15.0,5.0) s=+0.00  mc=7.3
  H1 trigger  t=1187530842.028  newsnr=5.67  m=(12.0,8.0) s=+0.00  mc=8.5
  H1 trigger  t=1187530844.923  newsnr=5.10  m=(27.0,18.0) s=+0.00  mc=19.1
  H1 trigger  t=1187530854.144  newsnr=5.24  m=(7.2,4.8) s=+0.00  mc=5.1
  H1 trigger  t=1187530858.813  newsnr=5.16  m=(36.0,9.0) s=+0.00  mc=15.0
  H1 trigger  t=1187530867.742  newsnr=5.39  m=(18.0,12.0) s=+0.00  mc=12.7
  H1 trigger  t=1187530870.531  newsnr=5.44  m=(7.2,4.8) s=+0.00  mc=5.1
  H1 trigger  t=1187530877.511  newsnr=5.50  m=(13.3,6.7) s=+0.00  mc=8.1
  H1 trigger  t=1187530901.583  newsnr=5.63  m=(13.3,6.7) s=+0.00  mc=8.1
  H1 trigger  t=1187530905.573  newsnr=5.72  m=(9.6,2.4) s=+0.00  mc=4.0
  H1 trigger  t=1187530914.781  newsnr=5.12  m=(30.0,15.0) s=+0.00  mc=18.3
  H1 trigger  t=1187530918.198  newsnr=5.25  m=(44.0,11.0) s=+0.00  mc=18.3
  H1 trigger  t=1187530922.509  newsnr=5.07  m=(11.1,8.9) s=+0.00  mc=8.6
  H1 trigger  t=1187530924.836  newsnr=5.15  m=(13.3,6.7) s=+0.00  mc=8.1
  H1 trigger  t=1187530931.890  newsnr=5.02  m=(11.1,8.9) s=+0.00  mc=8.6
  H1 trigger  t=1187530933.613  newsnr=5.35  m=(10.0,10.0) s=+0.00  mc=8.7
  H1 trigger  t=1187530939.469  newsnr=5.25  m=(20.0,10.0) s=+0.00  mc=12.2
  H1 trigger  t=1187530948.485  newsnr=5.46  m=(22.5,7.5) s=+0.00  mc=11.0
  H1 trigger  t=1187530969.676  newsnr=5.12  m=(8.0,4.0) s=+0.00  mc=4.9
  H1 trigger  t=1187530972.074  newsnr=5.30  m=(7.2,4.8) s=+0.00  mc=5.1
  H1 trigger  t=1187530977.787  newsnr=5.23  m=(54.0,18.0) s=+0.00  mc=26.4
  H1 trigger  t=1187530987.483  newsnr=5.02  m=(36.7,18.3) s=+0.00  mc=22.3
  H1 trigger  t=1187530989.217  newsnr=5.03  m=(11.1,8.9) s=+0.00  mc=8.6
  H1 trigger  t=1187530990.684  newsnr=5.31  m=(16.0,4.0) s=+0.00  mc=6.7
  H1 trigger  t=1187530993.585  newsnr=5.30  m=(20.0,10.0) s=+0.00  mc=12.2
  H1 trigger  t=1187531018.004  newsnr=5.03  m=(9.0,3.0) s=+0.00  mc=4.4
  H1 trigger  t=1187531030.753  newsnr=5.12  m=(9.6,2.4) s=+0.00  mc=4.0
  H1 trigger  t=1187531033.800  newsnr=5.44  m=(7.2,4.8) s=+0.00  mc=5.1
  H1 trigger  t=1187531037.047  newsnr=5.16  m=(10.0,10.0) s=+0.00  mc=8.7
  H1 trigger  t=1187531051.367  newsnr=5.08  m=(7.2,4.8) s=+0.00  mc=5.1
  H1 trigger  t=1187531063.306  newsnr=5.02  m=(20.0,10.0) s=+0.00  mc=12.2
  H1 trigger  t=1187531078.895  newsnr=5.24  m=(9.6,2.4) s=+0.00  mc=4.0
  H1 trigger  t=1187531085.702  newsnr=5.20  m=(9.0,3.0) s=+0.00  mc=4.4
  H1 trigger  t=1187531112.461  newsnr=5.04  m=(12.0,8.0) s=+0.00  mc=8.5
  H1 trigger  t=1187531121.028  newsnr=5.37  m=(43.3,21.7) s=+0.00  mc=26.4
  H1 trigger  t=1187531124.396  newsnr=5.30  m=(36.7,18.3) s=+0.00  mc=22.3
  H1 trigger  t=1187531131.937  newsnr=5.07  m=(9.0,3.0) s=+0.00  mc=4.4
  H1 trigger  t=1187531149.296  newsnr=5.00  m=(8.0,4.0) s=+0.00  mc=4.9
  H1 trigger  t=1187531155.863  newsnr=5.01  m=(10.0,10.0) s=+0.00  mc=8.7
  H1 trigger  t=1187531157.217  newsnr=6.16  m=(22.5,7.5) s=+0.00  mc=11.0
  H1 trigger  t=1187531168.772  newsnr=5.00  m=(9.0,3.0) s=+0.00  mc=4.4
  H1 trigger  t=1187531175.173  newsnr=5.09  m=(6.7,5.3) s=+0.00  mc=5.2
  H1 trigger  t=1187531191.699  newsnr=5.03  m=(9.0,3.0) s=+0.00  mc=4.4
  H1 trigger  t=1187531208.572  newsnr=5.20  m=(42.5,42.5) s=+0.00  mc=37.0
  H1 trigger  t=1187531210.112  newsnr=5.13  m=(12.0,8.0) s=+0.00  mc=8.5
  H1 trigger  t=1187531217.328  newsnr=5.09  m=(52.0,13.0) s=+0.00  mc=21.6
  H1 trigger  t=1187531233.438  newsnr=5.03  m=(8.0,4.0) s=+0.00  mc=4.9
  H1 trigger  t=1187531238.494  newsnr=5.13  m=(16.0,4.0) s=+0.00  mc=6.7
  H1 trigger  t=1187531250.893  newsnr=5.11  m=(27.0,18.0) s=+0.00  mc=19.1
  H1 trigger  t=1187531253.673  newsnr=5.62  m=(54.0,18.0) s=+0.00  mc=26.4
  H1 trigger  t=1187531256.145  newsnr=6.00  m=(8.0,4.0) s=+0.00  mc=4.9
  H1 trigger  t=1187531260.672  newsnr=5.01  m=(8.0,4.0) s=+0.00  mc=4.9
  H1 trigger  t=1187531269.806  newsnr=5.30  m=(10.0,10.0) s=+0.00  mc=8.7
  H1 trigger  t=1187531291.760  newsnr=5.03  m=(24.0,6.0) s=+0.00  mc=10.0
  H1 trigger  t=1187531302.438  newsnr=5.29  m=(11.1,8.9) s=+0.00  mc=8.6
  H1 trigger  t=1187531305.934  newsnr=5.11  m=(27.0,18.0) s=+0.00  mc=19.1
  H1 trigger  t=1187531317.596  newsnr=5.19  m=(7.2,4.8) s=+0.00  mc=5.1
  H1 trigger  t=1187531335.550  newsnr=5.03  m=(8.0,4.0) s=+0.00  mc=4.9
  H1 trigger  t=1187531337.452  newsnr=5.73  m=(32.5,32.5) s=+0.00  mc=28.3
  H1 trigger  t=1187531348.828  newsnr=5.15  m=(12.0,8.0) s=+0.00  mc=8.5
  H1 trigger  t=1187531350.011  newsnr=5.87  m=(55.6,44.4) s=+0.00  mc=43.2
  H1 trigger  t=1187531351.023  newsnr=5.50  m=(9.6,2.4) s=+0.00  mc=4.0
  H1 trigger  t=1187531381.889  newsnr=5.15  m=(36.7,18.3) s=+0.00  mc=22.3
  H1 trigger  t=1187531398.382  newsnr=5.31  m=(11.1,8.9) s=+0.00  mc=8.6
  H1 trigger  t=1187531411.264  newsnr=5.02  m=(10.0,10.0) s=+0.00  mc=8.7
  H1 trigger  t=1187531414.507  newsnr=5.30  m=(12.0,8.0) s=+0.00  mc=8.5
  H1 trigger  t=1187531418.699  newsnr=5.06  m=(13.3,6.7) s=+0.00  mc=8.1
  H1 trigger  t=1187531421.238  newsnr=5.42  m=(6.7,5.3) s=+0.00  mc=5.2
  H1 trigger  t=1187531426.753  newsnr=5.06  m=(22.5,7.5) s=+0.00  mc=11.0
  H1 trigger  t=1187531428.752  newsnr=5.14  m=(22.5,7.5) s=+0.00  mc=11.0
  H1 trigger  t=1187531436.653  newsnr=5.15  m=(22.5,7.5) s=+0.00  mc=11.0
  H1 trigger  t=1187531441.483  newsnr=5.56  m=(13.3,6.7) s=+0.00  mc=8.1
  H1 trigger  t=1187531444.494  newsnr=5.13  m=(41.2,13.8) s=+0.00  mc=20.1
  H1 trigger  t=1187531453.558  newsnr=5.42  m=(22.5,7.5) s=+0.00  mc=11.0
  H1 trigger  t=1187531458.823  newsnr=5.48  m=(20.0,10.0) s=+0.00  mc=12.2
  H1 trigger  t=1187531464.878  newsnr=5.20  m=(18.0,12.0) s=+0.00  mc=12.7
  H1 trigger  t=1187531471.469  newsnr=5.25  m=(12.0,8.0) s=+0.00  mc=8.5
  H1 trigger  t=1187531477.624  newsnr=5.23  m=(16.0,4.0) s=+0.00  mc=6.7
  H1 trigger  t=1187531478.655  newsnr=5.36  m=(27.0,18.0) s=+0.00  mc=19.1
  H1 trigger  t=1187531479.878  newsnr=5.13  m=(22.5,22.5) s=+0.00  mc=19.6
  H1 trigger  t=1187531480.952  newsnr=5.47  m=(16.0,4.0) s=+0.00  mc=6.7
  H1 trigger  t=1187531482.963  newsnr=5.25  m=(50.0,50.0) s=+0.00  mc=43.5
  H1 trigger  t=1187531489.992  newsnr=5.08  m=(6.0,6.0) s=+0.00  mc=5.2
  H1 trigger  t=1187531515.521  newsnr=5.75  m=(11.1,8.9) s=+0.00  mc=8.6
  H1 trigger  t=1187531545.494  newsnr=5.07  m=(15.0,5.0) s=+0.00  mc=7.3
  H1 trigger  t=1187531548.287  newsnr=5.00  m=(9.6,2.4) s=+0.00  mc=4.0
  H1 trigger  t=1187531551.819  newsnr=5.11  m=(36.0,9.0) s=+0.00  mc=15.0
  H1 trigger  t=1187531561.079  newsnr=5.03  m=(18.0,12.0) s=+0.00  mc=12.7
  H1 trigger  t=1187531565.016  newsnr=5.08  m=(9.6,2.4) s=+0.00  mc=4.0
  H1 trigger  t=1187531570.718  newsnr=5.58  m=(36.0,9.0) s=+0.00  mc=15.0
  H1 trigger  t=1187531577.668  newsnr=5.22  m=(22.5,7.5) s=+0.00  mc=11.0
  H1 trigger  t=1187531594.977  newsnr=5.44  m=(15.0,15.0) s=+0.00  mc=13.1
  H1 trigger  t=1187531598.079  newsnr=5.03  m=(10.0,10.0) s=+0.00  mc=8.7
  H1 trigger  t=1187531603.515  newsnr=5.06  m=(13.3,6.7) s=+0.00  mc=8.1
  H1 trigger  t=1187531605.836  newsnr=5.05  m=(11.1,8.9) s=+0.00  mc=8.6
  H1 trigger  t=1187531622.551  newsnr=5.01  m=(10.0,10.0) s=+0.00  mc=8.7
  H1 trigger  t=1187531632.258  newsnr=5.70  m=(16.0,4.0) s=+0.00  mc=6.7
  H1 trigger  t=1187531633.618  newsnr=5.39  m=(11.1,8.9) s=+0.00  mc=8.6
  H1 trigger  t=1187531636.514  newsnr=5.03  m=(10.0,10.0) s=+0.00  mc=8.7
  H1 trigger  t=1187531637.984  newsnr=5.01  m=(11.1,8.9) s=+0.00  mc=8.6
  H1 trigger  t=1187531659.623  newsnr=5.03  m=(36.0,36.0) s=+0.00  mc=31.3
  H1 trigger  t=1187531666.585  newsnr=5.11  m=(11.1,8.9) s=+0.00  mc=8.6
  H1 trigger  t=1187531682.045  newsnr=5.31  m=(33.8,11.2) s=+0.00  mc=16.5
  H1 trigger  t=1187531683.810  newsnr=5.27  m=(27.0,18.0) s=+0.00  mc=19.1
  H1 trigger  t=1187531686.771  newsnr=5.07  m=(6.7,5.3) s=+0.00  mc=5.2
  H1 trigger  t=1187531702.308  newsnr=5.13  m=(8.0,4.0) s=+0.00  mc=4.9
  H1 trigger  t=1187531704.556  newsnr=5.20  m=(27.0,18.0) s=+0.00  mc=19.1
  H1 trigger  t=1187531719.843  newsnr=5.34  m=(8.0,4.0) s=+0.00  mc=4.9
  H1 trigger  t=1187531726.188  newsnr=5.29  m=(18.0,12.0) s=+0.00  mc=12.7
  H1 trigger  t=1187531729.281  newsnr=5.03  m=(16.0,4.0) s=+0.00  mc=6.7
  H1 trigger  t=1187531736.292  newsnr=5.07  m=(33.0,22.0) s=+0.00  mc=23.4
  H1 trigger  t=1187531745.750  newsnr=5.56  m=(48.0,24.0) s=+0.00  mc=29.2
  H1 trigger  t=1187531748.843  newsnr=5.11  m=(41.2,13.8) s=+0.00  mc=20.1
  H1 trigger  t=1187531763.794  newsnr=5.34  m=(41.2,13.8) s=+0.00  mc=20.1
  H1 trigger  t=1187531766.955  newsnr=5.24  m=(6.0,6.0) s=+0.00  mc=5.2
  H1 trigger  t=1187531771.876  newsnr=5.06  m=(11.1,8.9) s=+0.00  mc=8.6
  H1 trigger  t=1187531774.393  newsnr=5.88  m=(24.0,6.0) s=+0.00  mc=10.0
  H1 trigger  t=1187531777.208  newsnr=5.10  m=(22.5,22.5) s=+0.00  mc=19.6
  H1 trigger  t=1187531781.632  newsnr=5.15  m=(27.5,27.5) s=+0.00  mc=23.9
  H1 trigger  t=1187531786.590  newsnr=5.13  m=(18.0,12.0) s=+0.00  mc=12.7
  H1 trigger  t=1187531802.248  newsnr=5.43  m=(8.0,4.0) s=+0.00  mc=4.9
  H1 trigger  t=1187531805.789  newsnr=6.11  m=(22.5,7.5) s=+0.00  mc=11.0
  H1 trigger  t=1187531816.815  newsnr=5.12  m=(27.0,18.0) s=+0.00  mc=19.1
  H1 trigger  t=1187531823.066  newsnr=5.01  m=(10.0,10.0) s=+0.00  mc=8.7
  H1 trigger  t=1187531826.240  newsnr=5.74  m=(10.0,10.0) s=+0.00  mc=8.7
  H1 trigger  t=1187531832.990  newsnr=5.02  m=(10.0,10.0) s=+0.00  mc=8.7
  H1 trigger  t=1187531846.034  newsnr=5.05  m=(27.0,18.0) s=+0.00  mc=19.1
  H1 trigger  t=1187531857.939  newsnr=5.16  m=(6.7,5.3) s=+0.00  mc=5.2
  H1 trigger  t=1187531861.212  newsnr=5.21  m=(30.0,15.0) s=+0.00  mc=18.3
  H1 trigger  t=1187531865.123  newsnr=5.04  m=(30.0,15.0) s=+0.00  mc=18.3
  H1 trigger  t=1187531874.735  newsnr=5.28  m=(8.0,4.0) s=+0.00  mc=4.9
  H1 trigger  t=1187531893.824  newsnr=5.63  m=(16.7,13.3) s=+0.00  mc=13.0
  H1 trigger  t=1187531909.769  newsnr=5.07  m=(6.0,6.0) s=+0.00  mc=5.2
  H1 trigger  t=1187531915.829  newsnr=5.22  m=(20.0,10.0) s=+0.00  mc=12.2
  H1 trigger  t=1187531925.411  newsnr=5.33  m=(36.7,18.3) s=+0.00  mc=22.3
  H1 trigger  t=1187531945.633  newsnr=5.35  m=(44.0,11.0) s=+0.00  mc=18.3
  H1 trigger  t=1187531960.468  newsnr=5.27  m=(48.8,16.2) s=+0.00  mc=23.8
  H1 trigger  t=1187531961.777  newsnr=5.57  m=(9.6,2.4) s=+0.00  mc=4.0
  H1 trigger  t=1187531963.238  newsnr=5.21  m=(32.5,32.5) s=+0.00  mc=28.3
  H1 trigger  t=1187531970.170  newsnr=5.53  m=(12.0,8.0) s=+0.00  mc=8.5
  H1 trigger  t=1187531971.804  newsnr=5.23  m=(8.0,4.0) s=+0.00  mc=4.9
  H1 trigger  t=1187531973.540  newsnr=5.05  m=(7.2,4.8) s=+0.00  mc=5.1
  H1 trigger  t=1187531979.684  newsnr=5.01  m=(30.6,24.4) s=+0.00  mc=23.8
  H1 trigger  t=1187531981.318  newsnr=5.03  m=(7.2,4.8) s=+0.00  mc=5.1
  H1 trigger  t=1187531986.838  newsnr=5.48  m=(41.2,13.8) s=+0.00  mc=20.1
  H1 trigger  t=1187532009.313  newsnr=5.15  m=(54.0,18.0) s=+0.00  mc=26.4
  H1 trigger  t=1187532016.831  newsnr=5.03  m=(8.0,4.0) s=+0.00  mc=4.9
  H1 trigger  t=1187532034.490  newsnr=5.09  m=(15.0,5.0) s=+0.00  mc=7.3
  H1 trigger  t=1187532043.653  newsnr=5.05  m=(6.7,5.3) s=+0.00  mc=5.2
  H1 trigger  t=1187532045.731  newsnr=5.08  m=(32.5,32.5) s=+0.00  mc=28.3
  H1 trigger  t=1187532049.604  newsnr=5.42  m=(36.0,36.0) s=+0.00  mc=31.3
  H1 trigger  t=1187532052.207  newsnr=5.37  m=(9.6,2.4) s=+0.00  mc=4.0
  H1 trigger  t=1187532053.864  newsnr=5.07  m=(63.8,21.2) s=+0.00  mc=31.1
  H1 trigger  t=1187532061.449  newsnr=5.66  m=(8.0,4.0) s=+0.00  mc=4.9
  H1 trigger  t=1187532063.421  newsnr=5.14  m=(20.0,10.0) s=+0.00  mc=12.2
  H1 trigger  t=1187532067.636  newsnr=5.51  m=(60.0,40.0) s=+0.00  mc=42.5
  H1 trigger  t=1187532071.990  newsnr=5.22  m=(15.0,15.0) s=+0.00  mc=13.1
  H1 trigger  t=1187532074.442  newsnr=5.17  m=(36.0,9.0) s=+0.00  mc=15.0
  H1 trigger  t=1187532092.703  newsnr=5.16  m=(9.0,3.0) s=+0.00  mc=4.4
  H1 trigger  t=1187532100.741  newsnr=5.15  m=(44.0,11.0) s=+0.00  mc=18.3
  H1 trigger  t=1187532102.283  newsnr=5.33  m=(7.2,4.8) s=+0.00  mc=5.1
  H1 trigger  t=1187532110.328  newsnr=5.26  m=(20.0,10.0) s=+0.00  mc=12.2
  H1 trigger  t=1187532121.439  newsnr=5.41  m=(27.5,27.5) s=+0.00  mc=23.9
  H1 trigger  t=1187532129.830  newsnr=5.14  m=(24.0,6.0) s=+0.00  mc=10.0
  H1 trigger  t=1187532134.107  newsnr=5.15  m=(44.0,11.0) s=+0.00  mc=18.3
  H1 trigger  t=1187532138.456  newsnr=5.07  m=(6.0,6.0) s=+0.00  mc=5.2
  H1 trigger  t=1187532143.078  newsnr=5.80  m=(9.6,2.4) s=+0.00  mc=4.0
  H1 trigger  t=1187532151.379  newsnr=5.56  m=(43.3,21.7) s=+0.00  mc=26.4
  H1 trigger  t=1187532160.687  newsnr=5.44  m=(7.2,4.8) s=+0.00  mc=5.1
  H1 trigger  t=1187532174.463  newsnr=5.01  m=(6.0,6.0) s=+0.00  mc=5.2
  H1 trigger  t=1187532192.279  newsnr=5.56  m=(24.0,6.0) s=+0.00  mc=10.0
  H1 trigger  t=1187532202.931  newsnr=5.19  m=(36.0,9.0) s=+0.00  mc=15.0
  H1 trigger  t=1187532208.528  newsnr=5.84  m=(27.5,27.5) s=+0.00  mc=23.9
  H1 trigger  t=1187532215.836  newsnr=5.61  m=(12.0,8.0) s=+0.00  mc=8.5
  H1 trigger  t=1187532232.477  newsnr=5.09  m=(15.0,15.0) s=+0.00  mc=13.1
  H1 trigger  t=1187532244.996  newsnr=5.08  m=(24.0,6.0) s=+0.00  mc=10.0
  H1 trigger  t=1187532251.015  newsnr=5.11  m=(12.0,8.0) s=+0.00  mc=8.5
  H1 trigger  t=1187532256.317  newsnr=5.07  m=(6.7,5.3) s=+0.00  mc=5.2
  H1 trigger  t=1187532259.805  newsnr=5.44  m=(32.5,32.5) s=+0.00  mc=28.3
  H1 trigger  t=1187532267.155  newsnr=5.14  m=(44.0,11.0) s=+0.00  mc=18.3
  H1 trigger  t=1187532268.359  newsnr=5.21  m=(6.7,5.3) s=+0.00  mc=5.2
  H1 trigger  t=1187532277.398  newsnr=5.04  m=(30.0,15.0) s=+0.00  mc=18.3
  H1 trigger  t=1187532280.142  newsnr=5.15  m=(27.5,27.5) s=+0.00  mc=23.9
  H1 trigger  t=1187532282.272  newsnr=5.04  m=(57.6,14.4) s=+0.00  mc=24.0
  H1 trigger  t=1187532286.614  newsnr=5.40  m=(36.0,36.0) s=+0.00  mc=31.3
  H1 trigger  t=1187532296.603  newsnr=5.95  m=(15.0,15.0) s=+0.00  mc=13.1
  H1 trigger  t=1187532302.106  newsnr=5.25  m=(10.0,10.0) s=+0.00  mc=8.7
  H1 trigger  t=1187532305.705  newsnr=5.05  m=(24.0,6.0) s=+0.00  mc=10.0
  H1 trigger  t=1187532318.023  newsnr=5.06  m=(43.2,28.8) s=+0.00  mc=30.6
  H1 trigger  t=1187532334.470  newsnr=6.13  m=(32.5,32.5) s=+0.00  mc=28.3
  H1 trigger  t=1187532348.383  newsnr=5.01  m=(16.7,13.3) s=+0.00  mc=13.0
  H1 trigger  t=1187532351.464  newsnr=5.19  m=(6.0,6.0) s=+0.00  mc=5.2
  H1 trigger  t=1187532354.853  newsnr=5.09  m=(12.0,8.0) s=+0.00  mc=8.5
  H1 trigger  t=1187532356.124  newsnr=5.38  m=(36.0,9.0) s=+0.00  mc=15.0
  H1 trigger  t=1187532375.379  newsnr=5.62  m=(8.0,4.0) s=+0.00  mc=4.9
  H1 trigger  t=1187532377.960  newsnr=5.27  m=(41.2,13.8) s=+0.00  mc=20.1
  H1 trigger  t=1187532379.095  newsnr=5.08  m=(27.0,18.0) s=+0.00  mc=19.1
  H1 trigger  t=1187532382.920  newsnr=5.18  m=(15.0,15.0) s=+0.00  mc=13.1
  H1 trigger  t=1187532389.415  newsnr=5.17  m=(33.8,11.2) s=+0.00  mc=16.5
  H1 trigger  t=1187532421.731  newsnr=5.17  m=(30.0,15.0) s=+0.00  mc=18.3
  H1 trigger  t=1187532445.771  newsnr=5.25  m=(27.0,18.0) s=+0.00  mc=19.1
  H1 trigger  t=1187532447.221  newsnr=5.45  m=(54.0,18.0) s=+0.00  mc=26.4
  H1 trigger  t=1187532463.300  newsnr=5.09  m=(27.5,27.5) s=+0.00  mc=23.9
  H1 trigger  t=1187532464.887  newsnr=5.31  m=(33.0,22.0) s=+0.00  mc=23.4
  H1 trigger  t=1187532471.030  newsnr=5.72  m=(16.7,13.3) s=+0.00  mc=13.0
  H1 trigger  t=1187532477.653  newsnr=5.15  m=(15.0,5.0) s=+0.00  mc=7.3
  H1 trigger  t=1187532483.358  newsnr=5.29  m=(20.0,10.0) s=+0.00  mc=12.2
  H1 trigger  t=1187532484.895  newsnr=5.21  m=(41.2,13.8) s=+0.00  mc=20.1
  H1 trigger  t=1187532487.063  newsnr=5.09  m=(16.0,4.0) s=+0.00  mc=6.7
  H1 trigger  t=1187532493.251  newsnr=5.17  m=(36.7,18.3) s=+0.00  mc=22.3
  H1 trigger  t=1187532533.652  newsnr=5.17  m=(20.0,10.0) s=+0.00  mc=12.2
  H1 trigger  t=1187532535.793  newsnr=5.03  m=(20.0,10.0) s=+0.00  mc=12.2
  H1 trigger  t=1187532538.412  newsnr=5.04  m=(18.0,12.0) s=+0.00  mc=12.7
  H1 trigger  t=1187532539.841  newsnr=5.24  m=(8.0,4.0) s=+0.00  mc=4.9
  H1 trigger  t=1187532544.301  newsnr=5.09  m=(36.0,9.0) s=+0.00  mc=15.0
  H1 trigger  t=1187532553.496  newsnr=5.64  m=(18.0,12.0) s=+0.00  mc=12.7
  H1 trigger  t=1187532561.866  newsnr=5.23  m=(18.0,12.0) s=+0.00  mc=12.7
  H1 trigger  t=1187532591.221  newsnr=5.06  m=(20.0,10.0) s=+0.00  mc=12.2
  H1 trigger  t=1187532598.746  newsnr=5.22  m=(30.0,15.0) s=+0.00  mc=18.3
  H1 trigger  t=1187532608.430  newsnr=5.05  m=(16.0,4.0) s=+0.00  mc=6.7
  H1 trigger  t=1187532609.499  newsnr=5.29  m=(9.6,2.4) s=+0.00  mc=4.0
  H1 trigger  t=1187532620.011  newsnr=5.02  m=(7.2,4.8) s=+0.00  mc=5.1
  H1 trigger  t=1187532623.551  newsnr=5.01  m=(6.0,6.0) s=+0.00  mc=5.2
  H1 trigger  t=1187532626.175  newsnr=5.54  m=(9.6,2.4) s=+0.00  mc=4.0
  H1 trigger  t=1187532629.982  newsnr=5.10  m=(22.5,7.5) s=+0.00  mc=11.0
  H1 trigger  t=1187532636.657  newsnr=5.08  m=(18.0,12.0) s=+0.00  mc=12.7
  H1 trigger  t=1187532650.910  newsnr=5.41  m=(24.0,6.0) s=+0.00  mc=10.0
  H1 trigger  t=1187532654.275  newsnr=5.07  m=(13.3,6.7) s=+0.00  mc=8.1
  H1 trigger  t=1187532660.915  newsnr=5.11  m=(20.0,10.0) s=+0.00  mc=12.2
  H1 trigger  t=1187532664.407  newsnr=5.06  m=(9.6,2.4) s=+0.00  mc=4.0
  H1 trigger  t=1187532667.118  newsnr=5.18  m=(11.1,8.9) s=+0.00  mc=8.6
  H1 trigger  t=1187532683.851  newsnr=5.75  m=(24.0,6.0) s=+0.00  mc=10.0
  H1 trigger  t=1187532698.678  newsnr=5.48  m=(22.5,7.5) s=+0.00  mc=11.0
  H1 trigger  t=1187532700.632  newsnr=5.04  m=(22.5,22.5) s=+0.00  mc=19.6
  H1 trigger  t=1187532702.750  newsnr=5.26  m=(33.8,11.2) s=+0.00  mc=16.5
  H1 trigger  t=1187532706.111  newsnr=5.08  m=(8.0,4.0) s=+0.00  mc=4.9
  H1 trigger  t=1187532713.192  newsnr=5.09  m=(6.7,5.3) s=+0.00  mc=5.2
  H1 trigger  t=1187532716.033  newsnr=5.65  m=(22.5,7.5) s=+0.00  mc=11.0
  H1 trigger  t=1187532723.398  newsnr=5.29  m=(16.0,4.0) s=+0.00  mc=6.7
  H1 trigger  t=1187532731.049  newsnr=5.06  m=(7.2,4.8) s=+0.00  mc=5.1
  H1 trigger  t=1187532733.189  newsnr=5.47  m=(36.0,36.0) s=+0.00  mc=31.3
  H1 trigger  t=1187532737.161  newsnr=5.44  m=(36.0,9.0) s=+0.00  mc=15.0
  H1 trigger  t=1187532742.528  newsnr=5.11  m=(12.0,8.0) s=+0.00  mc=8.5
  L1 trigger  t=1187528713.981  newsnr=5.24  m=(25.0,20.0) s=+0.00  mc=19.4
  L1 trigger  t=1187528715.246  newsnr=5.03  m=(30.0,15.0) s=+0.00  mc=18.3
  L1 trigger  t=1187528717.619  newsnr=5.88  m=(9.0,3.0) s=+0.00  mc=4.4
  L1 trigger  t=1187528721.310  newsnr=5.14  m=(54.0,18.0) s=+0.00  mc=26.4
  L1 trigger  t=1187528733.363  newsnr=5.35  m=(55.6,44.4) s=+0.00  mc=43.2
  L1 trigger  t=1187528739.049  newsnr=5.07  m=(56.7,28.3) s=+0.00  mc=34.5
  L1 trigger  t=1187528748.751  newsnr=5.05  m=(33.8,11.2) s=+0.00  mc=16.5
  L1 trigger  t=1187528749.962  newsnr=5.47  m=(44.0,11.0) s=+0.00  mc=18.3
  L1 trigger  t=1187528751.219  newsnr=5.08  m=(22.5,22.5) s=+0.00  mc=19.6
  L1 trigger  t=1187528758.619  newsnr=5.00  m=(36.7,18.3) s=+0.00  mc=22.3
  L1 trigger  t=1187528762.303  newsnr=5.26  m=(44.0,11.0) s=+0.00  mc=18.3
  L1 trigger  t=1187528763.979  newsnr=5.52  m=(13.3,6.7) s=+0.00  mc=8.1
  L1 trigger  t=1187528777.605  newsnr=5.33  m=(33.0,22.0) s=+0.00  mc=23.4
  L1 trigger  t=1187528823.744  newsnr=5.73  m=(41.2,13.8) s=+0.00  mc=20.1
  L1 trigger  t=1187528825.101  newsnr=5.05  m=(54.0,18.0) s=+0.00  mc=26.4
  L1 trigger  t=1187528832.294  newsnr=5.29  m=(32.5,32.5) s=+0.00  mc=28.3
  L1 trigger  t=1187528843.010  newsnr=5.61  m=(75.0,25.0) s=+0.00  mc=36.6
  L1 trigger  t=1187528858.206  newsnr=5.27  m=(22.5,22.5) s=+0.00  mc=19.6
  L1 trigger  t=1187528880.515  newsnr=5.26  m=(7.2,4.8) s=+0.00  mc=5.1
  L1 trigger  t=1187528887.053  newsnr=5.56  m=(68.0,17.0) s=+0.00  mc=28.3
  L1 trigger  t=1187528895.442  newsnr=5.30  m=(16.7,13.3) s=+0.00  mc=13.0
  L1 trigger  t=1187528899.720  newsnr=5.28  m=(22.5,7.5) s=+0.00  mc=11.0
  L1 trigger  t=1187528910.158  newsnr=5.10  m=(11.1,8.9) s=+0.00  mc=8.6
  L1 trigger  t=1187528927.681  newsnr=5.15  m=(10.0,10.0) s=+0.00  mc=8.7
  L1 trigger  t=1187528928.863  newsnr=5.04  m=(10.0,10.0) s=+0.00  mc=8.7
  L1 trigger  t=1187528930.055  newsnr=5.90  m=(24.0,6.0) s=+0.00  mc=10.0
  L1 trigger  t=1187528936.208  newsnr=5.01  m=(7.2,4.8) s=+0.00  mc=5.1
  L1 trigger  t=1187528939.966  newsnr=5.78  m=(50.0,50.0) s=+0.00  mc=43.5
  L1 trigger  t=1187528941.709  newsnr=5.30  m=(15.0,15.0) s=+0.00  mc=13.1
  L1 trigger  t=1187528945.468  newsnr=5.11  m=(13.3,6.7) s=+0.00  mc=8.1
  L1 trigger  t=1187528950.433  newsnr=5.89  m=(24.0,6.0) s=+0.00  mc=10.0
  L1 trigger  t=1187528953.918  newsnr=5.06  m=(48.8,16.2) s=+0.00  mc=23.8
  L1 trigger  t=1187528955.233  newsnr=5.41  m=(30.0,15.0) s=+0.00  mc=18.3
  L1 trigger  t=1187528957.247  newsnr=5.09  m=(36.0,9.0) s=+0.00  mc=15.0
  L1 trigger  t=1187528958.839  newsnr=5.37  m=(30.0,15.0) s=+0.00  mc=18.3
  L1 trigger  t=1187528960.671  newsnr=5.27  m=(18.0,12.0) s=+0.00  mc=12.7
  L1 trigger  t=1187528968.000  newsnr=5.10  m=(6.7,5.3) s=+0.00  mc=5.2
  L1 trigger  t=1187528975.831  newsnr=5.33  m=(48.0,24.0) s=+0.00  mc=29.2
  L1 trigger  t=1187528997.350  newsnr=5.41  m=(63.8,21.2) s=+0.00  mc=31.1
  L1 trigger  t=1187529002.206  newsnr=5.01  m=(18.0,12.0) s=+0.00  mc=12.7
  L1 trigger  t=1187529007.790  newsnr=5.31  m=(15.0,5.0) s=+0.00  mc=7.3
  L1 trigger  t=1187529010.600  newsnr=5.02  m=(48.0,24.0) s=+0.00  mc=29.2
  L1 trigger  t=1187529012.101  newsnr=5.11  m=(11.1,8.9) s=+0.00  mc=8.6
  L1 trigger  t=1187529014.230  newsnr=5.16  m=(13.3,6.7) s=+0.00  mc=8.1
  L1 trigger  t=1187529018.427  newsnr=5.02  m=(16.7,13.3) s=+0.00  mc=13.0
  L1 trigger  t=1187529021.519  newsnr=5.57  m=(7.2,4.8) s=+0.00  mc=5.1
  L1 trigger  t=1187529023.701  newsnr=6.09  m=(16.7,13.3) s=+0.00  mc=13.0
  L1 trigger  t=1187529025.017  newsnr=5.36  m=(39.0,26.0) s=+0.00  mc=27.6
  L1 trigger  t=1187529027.197  newsnr=5.05  m=(36.1,28.9) s=+0.00  mc=28.1
  L1 trigger  t=1187529030.514  newsnr=5.02  m=(41.2,13.8) s=+0.00  mc=20.1
  L1 trigger  t=1187529035.769  newsnr=5.07  m=(24.0,6.0) s=+0.00  mc=10.0
  L1 trigger  t=1187529058.142  newsnr=5.04  m=(36.0,9.0) s=+0.00  mc=15.0
  L1 trigger  t=1187529061.733  newsnr=5.20  m=(9.0,3.0) s=+0.00  mc=4.4
  L1 trigger  t=1187529069.259  newsnr=5.10  m=(9.0,3.0) s=+0.00  mc=4.4
  L1 trigger  t=1187529070.998  newsnr=5.29  m=(22.5,7.5) s=+0.00  mc=11.0
  L1 trigger  t=1187529073.045  newsnr=5.26  m=(24.0,6.0) s=+0.00  mc=10.0
  L1 trigger  t=1187529074.190  newsnr=5.49  m=(30.0,15.0) s=+0.00  mc=18.3
  L1 trigger  t=1187529105.952  newsnr=5.39  m=(33.8,11.2) s=+0.00  mc=16.5
  L1 trigger  t=1187529106.975  newsnr=5.51  m=(18.0,12.0) s=+0.00  mc=12.7
  L1 trigger  t=1187529111.239  newsnr=5.33  m=(36.7,18.3) s=+0.00  mc=22.3
  L1 trigger  t=1187529113.816  newsnr=6.09  m=(48.8,16.2) s=+0.00  mc=23.8
  L1 trigger  t=1187529116.523  newsnr=5.30  m=(8.0,4.0) s=+0.00  mc=4.9
  L1 trigger  t=1187529138.728  newsnr=5.34  m=(18.0,12.0) s=+0.00  mc=12.7
  L1 trigger  t=1187529144.481  newsnr=5.34  m=(12.0,8.0) s=+0.00  mc=8.5
  L1 trigger  t=1187529145.912  newsnr=5.31  m=(11.1,8.9) s=+0.00  mc=8.6
  L1 trigger  t=1187529149.874  newsnr=5.45  m=(11.1,8.9) s=+0.00  mc=8.6
  L1 trigger  t=1187529157.441  newsnr=5.12  m=(15.0,5.0) s=+0.00  mc=7.3
  L1 trigger  t=1187529158.624  newsnr=5.42  m=(41.2,13.8) s=+0.00  mc=20.1
  L1 trigger  t=1187529160.431  newsnr=5.58  m=(15.0,15.0) s=+0.00  mc=13.1
  L1 trigger  t=1187529170.695  newsnr=5.33  m=(80.0,20.0) s=+0.00  mc=33.3
  L1 trigger  t=1187529175.656  newsnr=5.04  m=(16.7,13.3) s=+0.00  mc=13.0
  L1 trigger  t=1187529178.043  newsnr=5.03  m=(63.8,21.2) s=+0.00  mc=31.1
  L1 trigger  t=1187529180.227  newsnr=5.05  m=(9.0,3.0) s=+0.00  mc=4.4
  L1 trigger  t=1187529181.279  newsnr=5.29  m=(33.0,22.0) s=+0.00  mc=23.4
  L1 trigger  t=1187529182.561  newsnr=5.02  m=(6.7,5.3) s=+0.00  mc=5.2
  L1 trigger  t=1187529193.219  newsnr=5.54  m=(52.0,13.0) s=+0.00  mc=21.6
  L1 trigger  t=1187529201.556  newsnr=5.10  m=(52.0,13.0) s=+0.00  mc=21.6
  L1 trigger  t=1187529218.560  newsnr=5.14  m=(63.8,21.2) s=+0.00  mc=31.1
  L1 trigger  t=1187529229.363  newsnr=5.74  m=(36.0,9.0) s=+0.00  mc=15.0
  L1 trigger  t=1187529244.654  newsnr=5.22  m=(16.7,13.3) s=+0.00  mc=13.0
  L1 trigger  t=1187529246.669  newsnr=5.24  m=(41.2,13.8) s=+0.00  mc=20.1
  L1 trigger  t=1187529253.125  newsnr=5.27  m=(11.1,8.9) s=+0.00  mc=8.6
  L1 trigger  t=1187529256.518  newsnr=9.13  m=(42.5,42.5) s=+0.00  mc=37.0
  L1 trigger  t=1187529259.870  newsnr=5.01  m=(11.1,8.9) s=+0.00  mc=8.6
  L1 trigger  t=1187529261.505  newsnr=5.67  m=(68.0,17.0) s=+0.00  mc=28.3
  L1 trigger  t=1187529284.666  newsnr=5.22  m=(9.0,3.0) s=+0.00  mc=4.4
  L1 trigger  t=1187529288.149  newsnr=5.27  m=(12.0,8.0) s=+0.00  mc=8.5
  L1 trigger  t=1187529294.419  newsnr=5.04  m=(75.0,25.0) s=+0.00  mc=36.6
  L1 trigger  t=1187529299.677  newsnr=5.21  m=(24.0,6.0) s=+0.00  mc=10.0
  L1 trigger  t=1187529303.022  newsnr=5.51  m=(63.8,21.2) s=+0.00  mc=31.1
  L1 trigger  t=1187529304.505  newsnr=5.33  m=(33.8,11.2) s=+0.00  mc=16.5
  L1 trigger  t=1187529305.841  newsnr=5.59  m=(15.0,15.0) s=+0.00  mc=13.1
  L1 trigger  t=1187529309.698  newsnr=5.53  m=(16.7,13.3) s=+0.00  mc=13.0
  L1 trigger  t=1187529315.948  newsnr=5.94  m=(41.2,13.8) s=+0.00  mc=20.1
  L1 trigger  t=1187529343.558  newsnr=5.44  m=(15.0,15.0) s=+0.00  mc=13.1
  L1 trigger  t=1187529345.339  newsnr=5.02  m=(16.0,4.0) s=+0.00  mc=6.7
  L1 trigger  t=1187529350.774  newsnr=5.30  m=(8.0,4.0) s=+0.00  mc=4.9
  L1 trigger  t=1187529353.997  newsnr=5.44  m=(24.0,6.0) s=+0.00  mc=10.0
  L1 trigger  t=1187529358.943  newsnr=5.26  m=(20.0,10.0) s=+0.00  mc=12.2
  L1 trigger  t=1187529365.906  newsnr=5.25  m=(24.0,6.0) s=+0.00  mc=10.0
  L1 trigger  t=1187529371.216  newsnr=5.44  m=(27.0,18.0) s=+0.00  mc=19.1
  L1 trigger  t=1187529377.836  newsnr=5.25  m=(57.6,14.4) s=+0.00  mc=24.0
  L1 trigger  t=1187529395.568  newsnr=5.18  m=(54.0,18.0) s=+0.00  mc=26.4
  L1 trigger  t=1187529398.665  newsnr=5.48  m=(39.0,26.0) s=+0.00  mc=27.6
  L1 trigger  t=1187529402.103  newsnr=5.07  m=(25.0,20.0) s=+0.00  mc=19.4
  L1 trigger  t=1187529409.762  newsnr=5.94  m=(18.0,12.0) s=+0.00  mc=12.7
  L1 trigger  t=1187529416.335  newsnr=6.42  m=(33.8,11.2) s=+0.00  mc=16.5
  L1 trigger  t=1187529418.146  newsnr=5.27  m=(66.7,33.3) s=+0.00  mc=40.6
  L1 trigger  t=1187529420.657  newsnr=5.13  m=(24.0,6.0) s=+0.00  mc=10.0
  L1 trigger  t=1187529421.790  newsnr=5.74  m=(41.2,13.8) s=+0.00  mc=20.1
  L1 trigger  t=1187529427.101  newsnr=5.26  m=(44.0,11.0) s=+0.00  mc=18.3
  L1 trigger  t=1187529431.620  newsnr=5.31  m=(9.0,3.0) s=+0.00  mc=4.4
  L1 trigger  t=1187529433.009  newsnr=5.38  m=(22.5,7.5) s=+0.00  mc=11.0
  L1 trigger  t=1187529439.797  newsnr=5.04  m=(48.8,16.2) s=+0.00  mc=23.8
  L1 trigger  t=1187529446.752  newsnr=5.05  m=(63.8,21.2) s=+0.00  mc=31.1
  L1 trigger  t=1187529450.575  newsnr=5.49  m=(13.3,6.7) s=+0.00  mc=8.1
  L1 trigger  t=1187529453.655  newsnr=5.11  m=(16.0,4.0) s=+0.00  mc=6.7
  L1 trigger  t=1187529456.082  newsnr=5.45  m=(41.2,13.8) s=+0.00  mc=20.1
  L1 trigger  t=1187529460.280  newsnr=5.12  m=(15.0,15.0) s=+0.00  mc=13.1
  L1 trigger  t=1187529462.673  newsnr=5.92  m=(44.0,11.0) s=+0.00  mc=18.3
  L1 trigger  t=1187529463.788  newsnr=5.26  m=(36.7,18.3) s=+0.00  mc=22.3
  L1 trigger  t=1187529466.002  newsnr=5.34  m=(54.0,18.0) s=+0.00  mc=26.4
  L1 trigger  t=1187529468.258  newsnr=5.48  m=(12.0,8.0) s=+0.00  mc=8.5
  L1 trigger  t=1187529469.652  newsnr=5.23  m=(16.0,4.0) s=+0.00  mc=6.7
  L1 trigger  t=1187529473.109  newsnr=5.40  m=(41.2,13.8) s=+0.00  mc=20.1
  L1 trigger  t=1187529479.625  newsnr=5.18  m=(33.0,22.0) s=+0.00  mc=23.4
  L1 trigger  t=1187529485.588  newsnr=5.10  m=(6.7,5.3) s=+0.00  mc=5.2
  L1 trigger  t=1187529490.094  newsnr=5.22  m=(43.3,21.7) s=+0.00  mc=26.4
  L1 trigger  t=1187529493.341  newsnr=5.58  m=(27.5,27.5) s=+0.00  mc=23.9
  L1 trigger  t=1187529495.654  newsnr=5.50  m=(18.0,12.0) s=+0.00  mc=12.7
  L1 trigger  t=1187529501.397  newsnr=5.03  m=(10.0,10.0) s=+0.00  mc=8.7
  L1 trigger  t=1187529516.368  newsnr=5.11  m=(51.0,34.0) s=+0.00  mc=36.1
  L1 trigger  t=1187529529.704  newsnr=5.02  m=(11.1,8.9) s=+0.00  mc=8.6
  L1 trigger  t=1187529531.911  newsnr=5.08  m=(10.0,10.0) s=+0.00  mc=8.7
  L1 trigger  t=1187529534.428  newsnr=6.27  m=(33.0,22.0) s=+0.00  mc=23.4
  L1 trigger  t=1187529536.165  newsnr=5.02  m=(56.7,28.3) s=+0.00  mc=34.5
  L1 trigger  t=1187529537.985  newsnr=5.31  m=(36.7,18.3) s=+0.00  mc=22.3
  L1 trigger  t=1187529539.848  newsnr=5.11  m=(9.6,2.4) s=+0.00  mc=4.0
  L1 trigger  t=1187529549.151  newsnr=5.07  m=(16.7,13.3) s=+0.00  mc=13.0
  L1 trigger  t=1187529550.956  newsnr=5.03  m=(20.0,10.0) s=+0.00  mc=12.2
  L1 trigger  t=1187529557.046  newsnr=5.16  m=(12.0,8.0) s=+0.00  mc=8.5
  L1 trigger  t=1187529559.133  newsnr=5.34  m=(16.0,4.0) s=+0.00  mc=6.7
  L1 trigger  t=1187529563.845  newsnr=5.08  m=(42.5,42.5) s=+0.00  mc=37.0
  L1 trigger  t=1187529566.278  newsnr=5.54  m=(51.0,34.0) s=+0.00  mc=36.1
  L1 trigger  t=1187529567.645  newsnr=5.09  m=(22.5,7.5) s=+0.00  mc=11.0
  L1 trigger  t=1187529585.383  newsnr=5.08  m=(27.0,18.0) s=+0.00  mc=19.1
  L1 trigger  t=1187529609.412  newsnr=6.25  m=(30.0,15.0) s=+0.00  mc=18.3
  L1 trigger  t=1187529610.538  newsnr=5.22  m=(8.0,4.0) s=+0.00  mc=4.9
  L1 trigger  t=1187529627.597  newsnr=5.42  m=(63.8,21.2) s=+0.00  mc=31.1
  L1 trigger  t=1187529638.232  newsnr=5.48  m=(48.8,16.2) s=+0.00  mc=23.8
  L1 trigger  t=1187529644.273  newsnr=5.00  m=(11.1,8.9) s=+0.00  mc=8.6
  L1 trigger  t=1187529647.007  newsnr=5.10  m=(54.0,18.0) s=+0.00  mc=26.4
  L1 trigger  t=1187529657.050  newsnr=5.37  m=(33.8,11.2) s=+0.00  mc=16.5
  L1 trigger  t=1187529659.597  newsnr=5.06  m=(20.0,10.0) s=+0.00  mc=12.2
  L1 trigger  t=1187529661.833  newsnr=5.12  m=(57.6,14.4) s=+0.00  mc=24.0
  L1 trigger  t=1187529669.499  newsnr=5.26  m=(30.0,15.0) s=+0.00  mc=18.3
  L1 trigger  t=1187529676.052  newsnr=5.01  m=(16.7,13.3) s=+0.00  mc=13.0
  L1 trigger  t=1187529679.786  newsnr=5.37  m=(16.0,4.0) s=+0.00  mc=6.7
  L1 trigger  t=1187529684.551  newsnr=5.17  m=(48.8,16.2) s=+0.00  mc=23.8
  L1 trigger  t=1187529690.250  newsnr=5.13  m=(22.5,22.5) s=+0.00  mc=19.6
  L1 trigger  t=1187529696.246  newsnr=5.37  m=(36.0,9.0) s=+0.00  mc=15.0
  L1 trigger  t=1187529706.068  newsnr=5.28  m=(10.0,10.0) s=+0.00  mc=8.7
  L1 trigger  t=1187529724.055  newsnr=5.11  m=(13.3,6.7) s=+0.00  mc=8.1
  L1 trigger  t=1187529728.001  newsnr=5.01  m=(22.5,7.5) s=+0.00  mc=11.0
  L1 trigger  t=1187529730.588  newsnr=5.03  m=(6.7,5.3) s=+0.00  mc=5.2
  L1 trigger  t=1187529732.025  newsnr=5.51  m=(6.0,6.0) s=+0.00  mc=5.2
  L1 trigger  t=1187529744.696  newsnr=5.58  m=(54.0,18.0) s=+0.00  mc=26.4
  L1 trigger  t=1187529747.664  newsnr=5.28  m=(24.0,6.0) s=+0.00  mc=10.0
  L1 trigger  t=1187529749.832  newsnr=5.82  m=(41.2,13.8) s=+0.00  mc=20.1
  L1 trigger  t=1187529766.981  newsnr=5.09  m=(10.0,10.0) s=+0.00  mc=8.7
  L1 trigger  t=1187529777.663  newsnr=5.10  m=(20.0,10.0) s=+0.00  mc=12.2
  L1 trigger  t=1187529778.946  newsnr=5.09  m=(39.0,26.0) s=+0.00  mc=27.6
  L1 trigger  t=1187529780.016  newsnr=5.54  m=(9.6,2.4) s=+0.00  mc=4.0
  L1 trigger  t=1187529781.460  newsnr=5.05  m=(44.0,11.0) s=+0.00  mc=18.3
  L1 trigger  t=1187529793.202  newsnr=6.25  m=(24.0,6.0) s=+0.00  mc=10.0
  L1 trigger  t=1187529807.229  newsnr=5.49  m=(52.0,13.0) s=+0.00  mc=21.6
  L1 trigger  t=1187529816.661  newsnr=5.28  m=(9.6,2.4) s=+0.00  mc=4.0
  L1 trigger  t=1187529823.086  newsnr=5.12  m=(6.7,5.3) s=+0.00  mc=5.2
  L1 trigger  t=1187529826.876  newsnr=5.17  m=(44.0,11.0) s=+0.00  mc=18.3
  L1 trigger  t=1187529830.241  newsnr=5.70  m=(36.7,18.3) s=+0.00  mc=22.3
  L1 trigger  t=1187529835.071  newsnr=5.11  m=(36.7,18.3) s=+0.00  mc=22.3
  L1 trigger  t=1187529836.222  newsnr=5.13  m=(22.5,22.5) s=+0.00  mc=19.6
  L1 trigger  t=1187529837.308  newsnr=5.09  m=(30.0,15.0) s=+0.00  mc=18.3
  L1 trigger  t=1187529838.456  newsnr=6.00  m=(44.0,11.0) s=+0.00  mc=18.3
  L1 trigger  t=1187529873.862  newsnr=5.41  m=(6.7,5.3) s=+0.00  mc=5.2
  L1 trigger  t=1187529875.274  newsnr=5.14  m=(22.5,7.5) s=+0.00  mc=11.0
  L1 trigger  t=1187529879.992  newsnr=5.88  m=(24.0,6.0) s=+0.00  mc=10.0
  L1 trigger  t=1187529882.084  newsnr=5.85  m=(13.3,6.7) s=+0.00  mc=8.1
  L1 trigger  t=1187529884.049  newsnr=5.28  m=(66.7,33.3) s=+0.00  mc=40.6
  L1 trigger  t=1187529886.871  newsnr=5.15  m=(27.0,18.0) s=+0.00  mc=19.1
  L1 trigger  t=1187529888.785  newsnr=5.59  m=(9.0,3.0) s=+0.00  mc=4.4
  L1 trigger  t=1187529900.621  newsnr=5.02  m=(27.5,27.5) s=+0.00  mc=23.9
  L1 trigger  t=1187529911.987  newsnr=5.13  m=(16.7,13.3) s=+0.00  mc=13.0
  L1 trigger  t=1187529913.974  newsnr=5.37  m=(33.8,11.2) s=+0.00  mc=16.5
  L1 trigger  t=1187529927.346  newsnr=5.11  m=(6.0,6.0) s=+0.00  mc=5.2
  L1 trigger  t=1187529934.460  newsnr=6.04  m=(54.0,18.0) s=+0.00  mc=26.4
  L1 trigger  t=1187529937.102  newsnr=5.02  m=(11.1,8.9) s=+0.00  mc=8.6
  L1 trigger  t=1187529945.359  newsnr=5.07  m=(30.0,15.0) s=+0.00  mc=18.3
  L1 trigger  t=1187529951.813  newsnr=5.47  m=(10.0,10.0) s=+0.00  mc=8.7
  L1 trigger  t=1187529953.961  newsnr=6.32  m=(12.0,8.0) s=+0.00  mc=8.5
  L1 trigger  t=1187529956.649  newsnr=5.58  m=(7.2,4.8) s=+0.00  mc=5.1
  L1 trigger  t=1187529964.120  newsnr=5.16  m=(6.0,6.0) s=+0.00  mc=5.2
  L1 trigger  t=1187529972.501  newsnr=5.11  m=(48.8,16.2) s=+0.00  mc=23.8
  L1 trigger  t=1187529973.692  newsnr=5.58  m=(24.0,6.0) s=+0.00  mc=10.0
  L1 trigger  t=1187529977.827  newsnr=5.80  m=(22.5,7.5) s=+0.00  mc=11.0
  L1 trigger  t=1187529983.792  newsnr=5.03  m=(54.0,18.0) s=+0.00  mc=26.4
  L1 trigger  t=1187529993.118  newsnr=5.95  m=(36.0,9.0) s=+0.00  mc=15.0
  L1 trigger  t=1187529998.313  newsnr=5.21  m=(12.0,8.0) s=+0.00  mc=8.5
  L1 trigger  t=1187530003.788  newsnr=5.49  m=(13.3,6.7) s=+0.00  mc=8.1
  L1 trigger  t=1187530006.378  newsnr=5.64  m=(6.0,6.0) s=+0.00  mc=5.2
  L1 trigger  t=1187530023.357  newsnr=5.05  m=(30.0,15.0) s=+0.00  mc=18.3
  L1 trigger  t=1187530033.479  newsnr=5.15  m=(52.0,13.0) s=+0.00  mc=21.6
  L1 trigger  t=1187530063.947  newsnr=5.18  m=(15.0,5.0) s=+0.00  mc=7.3
  L1 trigger  t=1187530067.439  newsnr=5.31  m=(75.0,25.0) s=+0.00  mc=36.6
  L1 trigger  t=1187530077.251  newsnr=5.33  m=(41.2,13.8) s=+0.00  mc=20.1
  L1 trigger  t=1187530080.728  newsnr=5.02  m=(13.3,6.7) s=+0.00  mc=8.1
  L1 trigger  t=1187530083.398  newsnr=5.26  m=(80.0,20.0) s=+0.00  mc=33.3
  L1 trigger  t=1187530085.453  newsnr=5.11  m=(16.0,4.0) s=+0.00  mc=6.7
  L1 trigger  t=1187530097.446  newsnr=5.38  m=(80.0,20.0) s=+0.00  mc=33.3
  L1 trigger  t=1187530099.842  newsnr=5.22  m=(20.0,10.0) s=+0.00  mc=12.2
  L1 trigger  t=1187530100.939  newsnr=5.27  m=(24.0,6.0) s=+0.00  mc=10.0
  L1 trigger  t=1187530103.971  newsnr=5.18  m=(57.6,14.4) s=+0.00  mc=24.0
  L1 trigger  t=1187530105.594  newsnr=5.32  m=(48.0,24.0) s=+0.00  mc=29.2
  L1 trigger  t=1187530112.382  newsnr=5.28  m=(8.0,4.0) s=+0.00  mc=4.9
  L1 trigger  t=1187530119.741  newsnr=5.31  m=(57.6,14.4) s=+0.00  mc=24.0
  L1 trigger  t=1187530122.576  newsnr=5.22  m=(6.7,5.3) s=+0.00  mc=5.2
  L1 trigger  t=1187530125.590  newsnr=5.06  m=(33.8,11.2) s=+0.00  mc=16.5
  L1 trigger  t=1187530127.447  newsnr=5.28  m=(13.3,6.7) s=+0.00  mc=8.1
  L1 trigger  t=1187530134.724  newsnr=5.30  m=(15.0,5.0) s=+0.00  mc=7.3
  L1 trigger  t=1187530138.732  newsnr=5.63  m=(6.0,6.0) s=+0.00  mc=5.2
  L1 trigger  t=1187530143.772  newsnr=5.64  m=(36.0,36.0) s=+0.00  mc=31.3
  L1 trigger  t=1187530146.211  newsnr=5.34  m=(36.1,28.9) s=+0.00  mc=28.1
  L1 trigger  t=1187530163.448  newsnr=5.66  m=(12.0,8.0) s=+0.00  mc=8.5
  L1 trigger  t=1187530164.888  newsnr=5.02  m=(15.0,15.0) s=+0.00  mc=13.1
  L1 trigger  t=1187530174.045  newsnr=5.06  m=(20.0,10.0) s=+0.00  mc=12.2
  L1 trigger  t=1187530177.118  newsnr=5.67  m=(22.5,7.5) s=+0.00  mc=11.0
  L1 trigger  t=1187530181.652  newsnr=5.01  m=(15.0,15.0) s=+0.00  mc=13.1
  L1 trigger  t=1187530199.535  newsnr=5.03  m=(33.8,11.2) s=+0.00  mc=16.5
  L1 trigger  t=1187530202.652  newsnr=5.48  m=(41.2,13.8) s=+0.00  mc=20.1
  L1 trigger  t=1187530206.014  newsnr=5.10  m=(7.2,4.8) s=+0.00  mc=5.1
  L1 trigger  t=1187530211.084  newsnr=5.75  m=(36.0,36.0) s=+0.00  mc=31.3
  L1 trigger  t=1187530212.612  newsnr=5.08  m=(9.0,3.0) s=+0.00  mc=4.4
  L1 trigger  t=1187530215.977  newsnr=5.48  m=(68.0,17.0) s=+0.00  mc=28.3
  L1 trigger  t=1187530217.951  newsnr=5.20  m=(60.0,40.0) s=+0.00  mc=42.5
  L1 trigger  t=1187530221.942  newsnr=5.05  m=(36.0,9.0) s=+0.00  mc=15.0
  L1 trigger  t=1187530224.277  newsnr=5.33  m=(20.0,10.0) s=+0.00  mc=12.2
  L1 trigger  t=1187530228.868  newsnr=5.14  m=(48.8,16.2) s=+0.00  mc=23.8
  L1 trigger  t=1187530232.656  newsnr=5.07  m=(22.5,7.5) s=+0.00  mc=11.0
  L1 trigger  t=1187530245.892  newsnr=5.13  m=(18.0,12.0) s=+0.00  mc=12.7
  L1 trigger  t=1187530247.092  newsnr=5.36  m=(7.2,4.8) s=+0.00  mc=5.1
  L1 trigger  t=1187530255.638  newsnr=5.20  m=(36.7,18.3) s=+0.00  mc=22.3
  L1 trigger  t=1187530259.766  newsnr=5.00  m=(36.0,9.0) s=+0.00  mc=15.0
  L1 trigger  t=1187530262.803  newsnr=5.39  m=(11.1,8.9) s=+0.00  mc=8.6
  L1 trigger  t=1187530274.004  newsnr=5.01  m=(6.0,6.0) s=+0.00  mc=5.2
  L1 trigger  t=1187530276.615  newsnr=5.40  m=(57.6,14.4) s=+0.00  mc=24.0
  L1 trigger  t=1187530281.080  newsnr=5.53  m=(15.0,15.0) s=+0.00  mc=13.1
  L1 trigger  t=1187530287.591  newsnr=5.17  m=(33.0,22.0) s=+0.00  mc=23.4
  L1 trigger  t=1187530296.718  newsnr=5.06  m=(22.5,7.5) s=+0.00  mc=11.0
  L1 trigger  t=1187530303.552  newsnr=5.08  m=(15.0,5.0) s=+0.00  mc=7.3
  L1 trigger  t=1187530307.314  newsnr=5.00  m=(8.0,4.0) s=+0.00  mc=4.9
  L1 trigger  t=1187530329.477  newsnr=5.00  m=(41.2,13.8) s=+0.00  mc=20.1
  L1 trigger  t=1187530338.108  newsnr=5.17  m=(57.6,14.4) s=+0.00  mc=24.0
  L1 trigger  t=1187530347.882  newsnr=5.19  m=(12.0,8.0) s=+0.00  mc=8.5
  L1 trigger  t=1187530350.393  newsnr=5.68  m=(41.2,13.8) s=+0.00  mc=20.1
  L1 trigger  t=1187530353.193  newsnr=5.39  m=(18.0,12.0) s=+0.00  mc=12.7
  L1 trigger  t=1187530359.151  newsnr=5.04  m=(44.0,11.0) s=+0.00  mc=18.3
  L1 trigger  t=1187530362.653  newsnr=5.59  m=(68.0,17.0) s=+0.00  mc=28.3
  L1 trigger  t=1187530371.433  newsnr=5.22  m=(16.7,13.3) s=+0.00  mc=13.0
  L1 trigger  t=1187530373.771  newsnr=5.17  m=(22.5,7.5) s=+0.00  mc=11.0
  L1 trigger  t=1187530375.469  newsnr=5.09  m=(42.5,42.5) s=+0.00  mc=37.0
  L1 trigger  t=1187530382.101  newsnr=5.04  m=(56.7,28.3) s=+0.00  mc=34.5
  L1 trigger  t=1187530387.274  newsnr=5.21  m=(36.0,9.0) s=+0.00  mc=15.0
  L1 trigger  t=1187530393.417  newsnr=5.95  m=(30.0,15.0) s=+0.00  mc=18.3
  L1 trigger  t=1187530409.164  newsnr=5.21  m=(13.3,6.7) s=+0.00  mc=8.1
  L1 trigger  t=1187530421.631  newsnr=5.18  m=(12.0,8.0) s=+0.00  mc=8.5
  L1 trigger  t=1187530422.839  newsnr=5.08  m=(48.0,24.0) s=+0.00  mc=29.2
  L1 trigger  t=1187530444.337  newsnr=5.33  m=(15.0,5.0) s=+0.00  mc=7.3
  L1 trigger  t=1187530446.509  newsnr=5.45  m=(30.0,15.0) s=+0.00  mc=18.3
  L1 trigger  t=1187530448.255  newsnr=5.04  m=(16.7,13.3) s=+0.00  mc=13.0
  L1 trigger  t=1187530449.935  newsnr=5.27  m=(6.7,5.3) s=+0.00  mc=5.2
  L1 trigger  t=1187530456.711  newsnr=5.89  m=(32.5,32.5) s=+0.00  mc=28.3
  L1 trigger  t=1187530469.014  newsnr=5.12  m=(57.6,14.4) s=+0.00  mc=24.0
  L1 trigger  t=1187530474.540  newsnr=5.10  m=(9.6,2.4) s=+0.00  mc=4.0
  L1 trigger  t=1187530482.391  newsnr=5.30  m=(63.8,21.2) s=+0.00  mc=31.1
  L1 trigger  t=1187530484.211  newsnr=5.49  m=(33.8,11.2) s=+0.00  mc=16.5
  L1 trigger  t=1187530488.199  newsnr=5.53  m=(32.5,32.5) s=+0.00  mc=28.3
  L1 trigger  t=1187530492.139  newsnr=5.46  m=(27.5,27.5) s=+0.00  mc=23.9
  L1 trigger  t=1187530493.247  newsnr=5.33  m=(6.7,5.3) s=+0.00  mc=5.2
  L1 trigger  t=1187530497.909  newsnr=5.53  m=(30.0,15.0) s=+0.00  mc=18.3
  L1 trigger  t=1187530501.716  newsnr=5.29  m=(10.0,10.0) s=+0.00  mc=8.7
  L1 trigger  t=1187530508.086  newsnr=5.34  m=(33.0,22.0) s=+0.00  mc=23.4
  L1 trigger  t=1187530509.249  newsnr=5.17  m=(10.0,10.0) s=+0.00  mc=8.7
  L1 trigger  t=1187530511.713  newsnr=5.11  m=(7.2,4.8) s=+0.00  mc=5.1
  L1 trigger  t=1187530524.962  newsnr=5.20  m=(15.0,5.0) s=+0.00  mc=7.3
  L1 trigger  t=1187530530.023  newsnr=5.26  m=(9.0,3.0) s=+0.00  mc=4.4
  L1 trigger  t=1187530539.282  newsnr=5.09  m=(36.7,18.3) s=+0.00  mc=22.3
  L1 trigger  t=1187530560.343  newsnr=5.18  m=(50.0,50.0) s=+0.00  mc=43.5
  L1 trigger  t=1187530565.562  newsnr=5.06  m=(7.2,4.8) s=+0.00  mc=5.1
  L1 trigger  t=1187530578.109  newsnr=5.02  m=(30.0,15.0) s=+0.00  mc=18.3
  L1 trigger  t=1187530585.156  newsnr=6.01  m=(30.6,24.4) s=+0.00  mc=23.8
  L1 trigger  t=1187530597.111  newsnr=5.23  m=(15.0,15.0) s=+0.00  mc=13.1
  L1 trigger  t=1187530613.560  newsnr=5.71  m=(20.0,10.0) s=+0.00  mc=12.2
  L1 trigger  t=1187530626.396  newsnr=5.08  m=(7.2,4.8) s=+0.00  mc=5.1
  L1 trigger  t=1187530632.869  newsnr=5.40  m=(30.6,24.4) s=+0.00  mc=23.8
  L1 trigger  t=1187530643.069  newsnr=5.34  m=(9.6,2.4) s=+0.00  mc=4.0
  L1 trigger  t=1187530651.834  newsnr=5.25  m=(20.0,10.0) s=+0.00  mc=12.2
  L1 trigger  t=1187530659.088  newsnr=5.00  m=(48.8,16.2) s=+0.00  mc=23.8
  L1 trigger  t=1187530660.522  newsnr=5.99  m=(33.8,11.2) s=+0.00  mc=16.5
  L1 trigger  t=1187530664.356  newsnr=5.09  m=(43.3,21.7) s=+0.00  mc=26.4
  L1 trigger  t=1187530669.148  newsnr=5.01  m=(7.2,4.8) s=+0.00  mc=5.1
  L1 trigger  t=1187530671.463  newsnr=5.16  m=(48.8,16.2) s=+0.00  mc=23.8
  L1 trigger  t=1187530681.953  newsnr=5.31  m=(15.0,5.0) s=+0.00  mc=7.3
  L1 trigger  t=1187530683.904  newsnr=5.77  m=(20.0,10.0) s=+0.00  mc=12.2
  L1 trigger  t=1187530690.274  newsnr=5.20  m=(10.0,10.0) s=+0.00  mc=8.7
  L1 trigger  t=1187530707.810  newsnr=5.18  m=(16.7,13.3) s=+0.00  mc=13.0
  L1 trigger  t=1187530724.945  newsnr=6.18  m=(75.0,25.0) s=+0.00  mc=36.6
  L1 trigger  t=1187530726.704  newsnr=5.13  m=(52.0,13.0) s=+0.00  mc=21.6
  L1 trigger  t=1187530736.563  newsnr=5.32  m=(44.0,11.0) s=+0.00  mc=18.3
  L1 trigger  t=1187530746.024  newsnr=5.50  m=(52.0,13.0) s=+0.00  mc=21.6
  L1 trigger  t=1187530762.183  newsnr=5.04  m=(27.5,27.5) s=+0.00  mc=23.9
  L1 trigger  t=1187530769.039  newsnr=5.14  m=(20.0,10.0) s=+0.00  mc=12.2
  L1 trigger  t=1187530779.101  newsnr=5.03  m=(36.7,18.3) s=+0.00  mc=22.3
  L1 trigger  t=1187530780.931  newsnr=5.04  m=(20.0,10.0) s=+0.00  mc=12.2
  L1 trigger  t=1187530794.766  newsnr=5.04  m=(41.2,13.8) s=+0.00  mc=20.1
  L1 trigger  t=1187530815.228  newsnr=5.51  m=(36.7,18.3) s=+0.00  mc=22.3
  L1 trigger  t=1187530817.317  newsnr=5.36  m=(30.0,15.0) s=+0.00  mc=18.3
  L1 trigger  t=1187530818.748  newsnr=5.06  m=(30.0,15.0) s=+0.00  mc=18.3
  L1 trigger  t=1187530825.951  newsnr=5.03  m=(52.0,13.0) s=+0.00  mc=21.6
  L1 trigger  t=1187530827.047  newsnr=5.32  m=(7.2,4.8) s=+0.00  mc=5.1
  L1 trigger  t=1187530831.919  newsnr=5.07  m=(36.0,9.0) s=+0.00  mc=15.0
  L1 trigger  t=1187530835.949  newsnr=5.44  m=(51.0,34.0) s=+0.00  mc=36.1
  L1 trigger  t=1187530838.470  newsnr=5.03  m=(12.0,8.0) s=+0.00  mc=8.5
  L1 trigger  t=1187530844.472  newsnr=5.27  m=(20.0,10.0) s=+0.00  mc=12.2
  L1 trigger  t=1187530858.999  newsnr=5.37  m=(16.0,4.0) s=+0.00  mc=6.7
  L1 trigger  t=1187530861.885  newsnr=5.06  m=(33.0,22.0) s=+0.00  mc=23.4
  L1 trigger  t=1187530867.723  newsnr=5.26  m=(6.0,6.0) s=+0.00  mc=5.2
  L1 trigger  t=1187530873.079  newsnr=5.31  m=(6.0,6.0) s=+0.00  mc=5.2
  L1 trigger  t=1187530874.571  newsnr=5.23  m=(22.5,7.5) s=+0.00  mc=11.0
  L1 trigger  t=1187530878.592  newsnr=5.41  m=(51.0,34.0) s=+0.00  mc=36.1
  L1 trigger  t=1187530894.740  newsnr=5.48  m=(33.8,11.2) s=+0.00  mc=16.5
  L1 trigger  t=1187530896.208  newsnr=5.16  m=(7.2,4.8) s=+0.00  mc=5.1
  L1 trigger  t=1187530897.845  newsnr=5.83  m=(36.0,9.0) s=+0.00  mc=15.0
  L1 trigger  t=1187530898.964  newsnr=5.11  m=(11.1,8.9) s=+0.00  mc=8.6
  L1 trigger  t=1187530902.258  newsnr=5.10  m=(24.0,6.0) s=+0.00  mc=10.0
  L1 trigger  t=1187530903.474  newsnr=5.22  m=(22.5,22.5) s=+0.00  mc=19.6
  L1 trigger  t=1187530912.242  newsnr=5.03  m=(42.5,42.5) s=+0.00  mc=37.0
  L1 trigger  t=1187530941.748  newsnr=5.19  m=(24.0,6.0) s=+0.00  mc=10.0
  L1 trigger  t=1187530944.826  newsnr=5.42  m=(36.0,9.0) s=+0.00  mc=15.0
  L1 trigger  t=1187530955.263  newsnr=5.15  m=(36.0,9.0) s=+0.00  mc=15.0
  L1 trigger  t=1187530958.786  newsnr=5.26  m=(36.0,9.0) s=+0.00  mc=15.0
  L1 trigger  t=1187530966.367  newsnr=5.23  m=(48.8,16.2) s=+0.00  mc=23.8
  L1 trigger  t=1187530969.715  newsnr=5.12  m=(16.7,13.3) s=+0.00  mc=13.0
  L1 trigger  t=1187530974.548  newsnr=5.21  m=(22.5,7.5) s=+0.00  mc=11.0
  L1 trigger  t=1187530980.172  newsnr=5.19  m=(22.5,22.5) s=+0.00  mc=19.6
  L1 trigger  t=1187530989.362  newsnr=5.14  m=(33.8,11.2) s=+0.00  mc=16.5
  L1 trigger  t=1187530996.898  newsnr=5.74  m=(22.5,7.5) s=+0.00  mc=11.0
  L1 trigger  t=1187531016.658  newsnr=5.18  m=(12.0,8.0) s=+0.00  mc=8.5
  L1 trigger  t=1187531026.276  newsnr=5.36  m=(80.0,20.0) s=+0.00  mc=33.3
  L1 trigger  t=1187531028.193  newsnr=5.01  m=(48.0,24.0) s=+0.00  mc=29.2
  L1 trigger  t=1187531048.587  newsnr=5.61  m=(50.0,50.0) s=+0.00  mc=43.5
  L1 trigger  t=1187531052.850  newsnr=5.25  m=(16.7,13.3) s=+0.00  mc=13.0
  L1 trigger  t=1187531055.704  newsnr=5.40  m=(9.0,3.0) s=+0.00  mc=4.4
  L1 trigger  t=1187531059.800  newsnr=5.35  m=(10.0,10.0) s=+0.00  mc=8.7
  L1 trigger  t=1187531066.616  newsnr=5.41  m=(63.8,21.2) s=+0.00  mc=31.1
  L1 trigger  t=1187531075.356  newsnr=5.17  m=(13.3,6.7) s=+0.00  mc=8.1
  L1 trigger  t=1187531087.983  newsnr=5.35  m=(6.0,6.0) s=+0.00  mc=5.2
  L1 trigger  t=1187531114.440  newsnr=5.05  m=(11.1,8.9) s=+0.00  mc=8.6
  L1 trigger  t=1187531116.422  newsnr=5.10  m=(7.2,4.8) s=+0.00  mc=5.1
  L1 trigger  t=1187531123.038  newsnr=5.29  m=(22.5,22.5) s=+0.00  mc=19.6
  L1 trigger  t=1187531131.010  newsnr=5.01  m=(6.7,5.3) s=+0.00  mc=5.2
  L1 trigger  t=1187531142.589  newsnr=5.48  m=(41.2,13.8) s=+0.00  mc=20.1
  L1 trigger  t=1187531146.091  newsnr=5.00  m=(41.2,13.8) s=+0.00  mc=20.1
  L1 trigger  t=1187531151.166  newsnr=5.10  m=(24.0,6.0) s=+0.00  mc=10.0
  L1 trigger  t=1187531157.574  newsnr=5.03  m=(16.0,4.0) s=+0.00  mc=6.7
  L1 trigger  t=1187531159.554  newsnr=5.35  m=(15.0,5.0) s=+0.00  mc=7.3
  L1 trigger  t=1187531165.172  newsnr=5.04  m=(63.8,21.2) s=+0.00  mc=31.1
  L1 trigger  t=1187531166.454  newsnr=5.08  m=(6.7,5.3) s=+0.00  mc=5.2
  L1 trigger  t=1187531176.561  newsnr=5.05  m=(16.7,13.3) s=+0.00  mc=13.0
  L1 trigger  t=1187531195.977  newsnr=5.18  m=(8.0,4.0) s=+0.00  mc=4.9
  L1 trigger  t=1187531203.273  newsnr=5.16  m=(52.0,13.0) s=+0.00  mc=21.6
  L1 trigger  t=1187531217.348  newsnr=5.59  m=(63.8,21.2) s=+0.00  mc=31.1
  L1 trigger  t=1187531222.138  newsnr=5.67  m=(57.6,14.4) s=+0.00  mc=24.0
  L1 trigger  t=1187531224.035  newsnr=5.11  m=(10.0,10.0) s=+0.00  mc=8.7
  L1 trigger  t=1187531228.429  newsnr=5.39  m=(57.6,14.4) s=+0.00  mc=24.0
  L1 trigger  t=1187531231.353  newsnr=5.04  m=(33.8,11.2) s=+0.00  mc=16.5
  L1 trigger  t=1187531234.119  newsnr=5.14  m=(41.2,13.8) s=+0.00  mc=20.1
  L1 trigger  t=1187531238.075  newsnr=5.59  m=(16.0,4.0) s=+0.00  mc=6.7
  L1 trigger  t=1187531245.165  newsnr=5.13  m=(41.2,13.8) s=+0.00  mc=20.1
  L1 trigger  t=1187531254.004  newsnr=5.09  m=(9.6,2.4) s=+0.00  mc=4.0
  L1 trigger  t=1187531287.902  newsnr=5.54  m=(43.3,21.7) s=+0.00  mc=26.4
  L1 trigger  t=1187531291.682  newsnr=5.15  m=(32.5,32.5) s=+0.00  mc=28.3
  L1 trigger  t=1187531299.186  newsnr=5.05  m=(12.0,8.0) s=+0.00  mc=8.5
  L1 trigger  t=1187531300.950  newsnr=5.01  m=(24.0,6.0) s=+0.00  mc=10.0
  L1 trigger  t=1187531304.519  newsnr=5.62  m=(7.2,4.8) s=+0.00  mc=5.1
  L1 trigger  t=1187531307.297  newsnr=5.20  m=(15.0,15.0) s=+0.00  mc=13.1
  L1 trigger  t=1187531308.429  newsnr=5.25  m=(25.0,20.0) s=+0.00  mc=19.4
  L1 trigger  t=1187531310.002  newsnr=5.16  m=(50.0,50.0) s=+0.00  mc=43.5
  L1 trigger  t=1187531320.159  newsnr=5.18  m=(15.0,5.0) s=+0.00  mc=7.3
  L1 trigger  t=1187531340.491  newsnr=5.09  m=(33.8,11.2) s=+0.00  mc=16.5
  L1 trigger  t=1187531345.308  newsnr=5.49  m=(63.8,21.2) s=+0.00  mc=31.1
  L1 trigger  t=1187531346.709  newsnr=5.59  m=(36.0,9.0) s=+0.00  mc=15.0
  L1 trigger  t=1187531348.131  newsnr=5.20  m=(20.0,10.0) s=+0.00  mc=12.2
  L1 trigger  t=1187531349.245  newsnr=5.35  m=(36.0,36.0) s=+0.00  mc=31.3
  L1 trigger  t=1187531355.173  newsnr=5.01  m=(6.0,6.0) s=+0.00  mc=5.2
  L1 trigger  t=1187531360.874  newsnr=5.07  m=(27.5,27.5) s=+0.00  mc=23.9
  L1 trigger  t=1187531362.477  newsnr=5.19  m=(50.0,50.0) s=+0.00  mc=43.5
  L1 trigger  t=1187531365.001  newsnr=5.11  m=(68.0,17.0) s=+0.00  mc=28.3
  L1 trigger  t=1187531374.217  newsnr=5.23  m=(36.0,9.0) s=+0.00  mc=15.0
  L1 trigger  t=1187531377.755  newsnr=5.08  m=(41.2,13.8) s=+0.00  mc=20.1
  L1 trigger  t=1187531391.141  newsnr=5.07  m=(22.5,7.5) s=+0.00  mc=11.0
  L1 trigger  t=1187531395.809  newsnr=5.29  m=(8.0,4.0) s=+0.00  mc=4.9
  L1 trigger  t=1187531399.383  newsnr=5.50  m=(22.5,22.5) s=+0.00  mc=19.6
  L1 trigger  t=1187531405.734  newsnr=5.53  m=(16.0,4.0) s=+0.00  mc=6.7
  L1 trigger  t=1187531408.929  newsnr=5.57  m=(16.7,13.3) s=+0.00  mc=13.0
  L1 trigger  t=1187531414.420  newsnr=5.02  m=(44.0,11.0) s=+0.00  mc=18.3
  L1 trigger  t=1187531431.188  newsnr=5.62  m=(18.0,12.0) s=+0.00  mc=12.7
  L1 trigger  t=1187531432.423  newsnr=5.01  m=(13.3,6.7) s=+0.00  mc=8.1
  L1 trigger  t=1187531437.321  newsnr=5.03  m=(9.6,2.4) s=+0.00  mc=4.0
  L1 trigger  t=1187531439.379  newsnr=5.33  m=(11.1,8.9) s=+0.00  mc=8.6
  L1 trigger  t=1187531446.202  newsnr=5.10  m=(15.0,15.0) s=+0.00  mc=13.1
  L1 trigger  t=1187531465.188  newsnr=5.55  m=(68.0,17.0) s=+0.00  mc=28.3
  L1 trigger  t=1187531466.690  newsnr=5.06  m=(7.2,4.8) s=+0.00  mc=5.1
  L1 trigger  t=1187531469.781  newsnr=5.23  m=(56.7,28.3) s=+0.00  mc=34.5
  L1 trigger  t=1187531501.333  newsnr=5.23  m=(54.0,18.0) s=+0.00  mc=26.4
  L1 trigger  t=1187531505.351  newsnr=5.28  m=(33.8,11.2) s=+0.00  mc=16.5
  L1 trigger  t=1187531508.728  newsnr=5.45  m=(24.0,6.0) s=+0.00  mc=10.0
  L1 trigger  t=1187531514.084  newsnr=5.03  m=(12.0,8.0) s=+0.00  mc=8.5
  L1 trigger  t=1187531518.001  newsnr=5.03  m=(50.0,50.0) s=+0.00  mc=43.5
  L1 trigger  t=1187531528.379  newsnr=5.12  m=(43.3,21.7) s=+0.00  mc=26.4
  L1 trigger  t=1187531530.583  newsnr=5.33  m=(20.0,10.0) s=+0.00  mc=12.2
  L1 trigger  t=1187531537.663  newsnr=5.01  m=(44.0,11.0) s=+0.00  mc=18.3
  L1 trigger  t=1187531542.087  newsnr=5.08  m=(30.6,24.4) s=+0.00  mc=23.8
  L1 trigger  t=1187531544.790  newsnr=5.02  m=(30.6,24.4) s=+0.00  mc=23.8
  L1 trigger  t=1187531546.205  newsnr=5.25  m=(15.0,15.0) s=+0.00  mc=13.1
  L1 trigger  t=1187531547.688  newsnr=5.08  m=(44.0,11.0) s=+0.00  mc=18.3
  L1 trigger  t=1187531553.651  newsnr=5.20  m=(12.0,8.0) s=+0.00  mc=8.5
  L1 trigger  t=1187531554.871  newsnr=5.14  m=(15.0,5.0) s=+0.00  mc=7.3
  L1 trigger  t=1187531558.626  newsnr=5.00  m=(33.8,11.2) s=+0.00  mc=16.5
  L1 trigger  t=1187531561.867  newsnr=5.13  m=(54.0,18.0) s=+0.00  mc=26.4
  L1 trigger  t=1187531563.985  newsnr=5.09  m=(60.0,40.0) s=+0.00  mc=42.5
  L1 trigger  t=1187531568.049  newsnr=5.36  m=(16.7,13.3) s=+0.00  mc=13.0
  L1 trigger  t=1187531576.640  newsnr=5.04  m=(13.3,6.7) s=+0.00  mc=8.1
  L1 trigger  t=1187531577.855  newsnr=5.20  m=(27.5,27.5) s=+0.00  mc=23.9
  L1 trigger  t=1187531579.389  newsnr=5.08  m=(48.0,24.0) s=+0.00  mc=29.2
  L1 trigger  t=1187531581.186  newsnr=5.12  m=(27.5,27.5) s=+0.00  mc=23.9
  L1 trigger  t=1187531582.473  newsnr=5.08  m=(25.0,20.0) s=+0.00  mc=19.4
  L1 trigger  t=1187531606.375  newsnr=5.01  m=(48.8,16.2) s=+0.00  mc=23.8
  L1 trigger  t=1187531612.846  newsnr=5.04  m=(20.0,10.0) s=+0.00  mc=12.2
  L1 trigger  t=1187531630.846  newsnr=5.31  m=(48.8,16.2) s=+0.00  mc=23.8
  L1 trigger  t=1187531632.259  newsnr=5.18  m=(9.0,3.0) s=+0.00  mc=4.4
  L1 trigger  t=1187531636.019  newsnr=5.14  m=(9.6,2.4) s=+0.00  mc=4.0
  L1 trigger  t=1187531639.709  newsnr=5.39  m=(10.0,10.0) s=+0.00  mc=8.7
  L1 trigger  t=1187531642.996  newsnr=5.05  m=(13.3,6.7) s=+0.00  mc=8.1
  L1 trigger  t=1187531644.365  newsnr=5.16  m=(25.0,20.0) s=+0.00  mc=19.4
  L1 trigger  t=1187531668.156  newsnr=5.02  m=(20.0,10.0) s=+0.00  mc=12.2
  L1 trigger  t=1187531670.071  newsnr=5.01  m=(13.3,6.7) s=+0.00  mc=8.1
  L1 trigger  t=1187531671.354  newsnr=5.02  m=(18.0,12.0) s=+0.00  mc=12.7
  L1 trigger  t=1187531672.918  newsnr=5.42  m=(15.0,5.0) s=+0.00  mc=7.3
  L1 trigger  t=1187531675.511  newsnr=5.52  m=(10.0,10.0) s=+0.00  mc=8.7
  L1 trigger  t=1187531686.865  newsnr=5.39  m=(42.5,42.5) s=+0.00  mc=37.0
  L1 trigger  t=1187531698.874  newsnr=5.11  m=(44.0,11.0) s=+0.00  mc=18.3
  L1 trigger  t=1187531703.220  newsnr=5.02  m=(22.5,22.5) s=+0.00  mc=19.6
  L1 trigger  t=1187531707.002  newsnr=5.13  m=(12.0,8.0) s=+0.00  mc=8.5
  L1 trigger  t=1187531711.190  newsnr=5.14  m=(22.5,22.5) s=+0.00  mc=19.6
  L1 trigger  t=1187531713.137  newsnr=5.05  m=(20.0,10.0) s=+0.00  mc=12.2
  L1 trigger  t=1187531715.056  newsnr=5.42  m=(22.5,22.5) s=+0.00  mc=19.6
  L1 trigger  t=1187531716.235  newsnr=5.14  m=(15.0,5.0) s=+0.00  mc=7.3
  L1 trigger  t=1187531718.144  newsnr=5.23  m=(56.7,28.3) s=+0.00  mc=34.5
  L1 trigger  t=1187531719.476  newsnr=5.57  m=(13.3,6.7) s=+0.00  mc=8.1
  L1 trigger  t=1187531722.773  newsnr=5.17  m=(27.0,18.0) s=+0.00  mc=19.1
  L1 trigger  t=1187531726.680  newsnr=5.37  m=(22.5,7.5) s=+0.00  mc=11.0
  L1 trigger  t=1187531736.592  newsnr=5.24  m=(48.8,16.2) s=+0.00  mc=23.8
  L1 trigger  t=1187531737.764  newsnr=5.11  m=(13.3,6.7) s=+0.00  mc=8.1
  L1 trigger  t=1187531748.652  newsnr=5.12  m=(16.0,4.0) s=+0.00  mc=6.7
  L1 trigger  t=1187531753.698  newsnr=5.41  m=(33.8,11.2) s=+0.00  mc=16.5
  L1 trigger  t=1187531766.314  newsnr=5.11  m=(25.0,20.0) s=+0.00  mc=19.4
  L1 trigger  t=1187531769.230  newsnr=5.20  m=(6.7,5.3) s=+0.00  mc=5.2
  L1 trigger  t=1187531770.412  newsnr=5.15  m=(48.8,16.2) s=+0.00  mc=23.8
  L1 trigger  t=1187531793.311  newsnr=5.06  m=(52.0,13.0) s=+0.00  mc=21.6
  L1 trigger  t=1187531794.589  newsnr=5.36  m=(54.0,18.0) s=+0.00  mc=26.4
  L1 trigger  t=1187531801.185  newsnr=5.17  m=(12.0,8.0) s=+0.00  mc=8.5
  L1 trigger  t=1187531830.230  newsnr=5.20  m=(22.5,7.5) s=+0.00  mc=11.0
  L1 trigger  t=1187531835.111  newsnr=5.15  m=(41.2,13.8) s=+0.00  mc=20.1
  L1 trigger  t=1187531837.836  newsnr=5.06  m=(30.0,15.0) s=+0.00  mc=18.3
  L1 trigger  t=1187531840.671  newsnr=5.40  m=(33.8,11.2) s=+0.00  mc=16.5
  L1 trigger  t=1187531845.008  newsnr=5.37  m=(10.0,10.0) s=+0.00  mc=8.7
  L1 trigger  t=1187531862.657  newsnr=5.15  m=(16.0,4.0) s=+0.00  mc=6.7
  L1 trigger  t=1187531864.098  newsnr=5.01  m=(15.0,15.0) s=+0.00  mc=13.1
  L1 trigger  t=1187531868.381  newsnr=5.24  m=(9.6,2.4) s=+0.00  mc=4.0
  L1 trigger  t=1187531877.807  newsnr=5.65  m=(8.0,4.0) s=+0.00  mc=4.9
  L1 trigger  t=1187531897.556  newsnr=5.20  m=(44.0,11.0) s=+0.00  mc=18.3
  L1 trigger  t=1187531910.034  newsnr=5.23  m=(30.0,15.0) s=+0.00  mc=18.3
  L1 trigger  t=1187531911.206  newsnr=5.03  m=(10.0,10.0) s=+0.00  mc=8.7
  L1 trigger  t=1187531915.044  newsnr=5.64  m=(13.3,6.7) s=+0.00  mc=8.1
  L1 trigger  t=1187531922.615  newsnr=5.14  m=(15.0,15.0) s=+0.00  mc=13.1
  L1 trigger  t=1187531947.442  newsnr=5.01  m=(48.8,16.2) s=+0.00  mc=23.8
  L1 trigger  t=1187531962.228  newsnr=5.42  m=(27.5,27.5) s=+0.00  mc=23.9
  L1 trigger  t=1187532002.231  newsnr=5.60  m=(27.5,27.5) s=+0.00  mc=23.9
  L1 trigger  t=1187532007.390  newsnr=5.10  m=(54.0,18.0) s=+0.00  mc=26.4
  L1 trigger  t=1187532010.788  newsnr=5.05  m=(8.0,4.0) s=+0.00  mc=4.9
  L1 trigger  t=1187532015.672  newsnr=5.01  m=(30.0,15.0) s=+0.00  mc=18.3
  L1 trigger  t=1187532016.748  newsnr=5.01  m=(22.5,7.5) s=+0.00  mc=11.0
  L1 trigger  t=1187532020.218  newsnr=5.26  m=(7.2,4.8) s=+0.00  mc=5.1
  L1 trigger  t=1187532026.292  newsnr=5.42  m=(15.0,15.0) s=+0.00  mc=13.1
  L1 trigger  t=1187532027.485  newsnr=5.85  m=(11.1,8.9) s=+0.00  mc=8.6
  L1 trigger  t=1187532032.907  newsnr=5.13  m=(9.6,2.4) s=+0.00  mc=4.0
  L1 trigger  t=1187532041.176  newsnr=5.61  m=(25.0,20.0) s=+0.00  mc=19.4
  L1 trigger  t=1187532047.872  newsnr=5.42  m=(15.0,15.0) s=+0.00  mc=13.1
  L1 trigger  t=1187532049.583  newsnr=5.76  m=(66.7,33.3) s=+0.00  mc=40.6
  L1 trigger  t=1187532057.587  newsnr=5.40  m=(13.3,6.7) s=+0.00  mc=8.1
  L1 trigger  t=1187532066.306  newsnr=5.35  m=(43.3,21.7) s=+0.00  mc=26.4
  L1 trigger  t=1187532068.124  newsnr=5.35  m=(24.0,6.0) s=+0.00  mc=10.0
  L1 trigger  t=1187532074.141  newsnr=5.40  m=(36.0,36.0) s=+0.00  mc=31.3
  L1 trigger  t=1187532077.717  newsnr=5.31  m=(15.0,15.0) s=+0.00  mc=13.1
  L1 trigger  t=1187532080.634  newsnr=5.04  m=(6.7,5.3) s=+0.00  mc=5.2
  L1 trigger  t=1187532082.029  newsnr=5.43  m=(10.0,10.0) s=+0.00  mc=8.7
  L1 trigger  t=1187532092.043  newsnr=5.18  m=(41.2,13.8) s=+0.00  mc=20.1
  L1 trigger  t=1187532093.101  newsnr=5.09  m=(11.1,8.9) s=+0.00  mc=8.6
  L1 trigger  t=1187532096.976  newsnr=5.34  m=(6.0,6.0) s=+0.00  mc=5.2
  L1 trigger  t=1187532098.952  newsnr=5.05  m=(9.6,2.4) s=+0.00  mc=4.0
  L1 trigger  t=1187532102.203  newsnr=5.17  m=(36.0,9.0) s=+0.00  mc=15.0
  L1 trigger  t=1187532103.368  newsnr=5.35  m=(11.1,8.9) s=+0.00  mc=8.6
  L1 trigger  t=1187532106.342  newsnr=5.18  m=(27.5,27.5) s=+0.00  mc=23.9
  L1 trigger  t=1187532122.010  newsnr=5.00  m=(47.2,37.8) s=+0.00  mc=36.7
  L1 trigger  t=1187532130.633  newsnr=5.29  m=(40.0,32.0) s=+0.00  mc=31.1
  L1 trigger  t=1187532135.438  newsnr=5.03  m=(18.0,12.0) s=+0.00  mc=12.7
  L1 trigger  t=1187532146.465  newsnr=5.40  m=(63.8,21.2) s=+0.00  mc=31.1
  L1 trigger  t=1187532153.134  newsnr=5.29  m=(30.0,15.0) s=+0.00  mc=18.3
  L1 trigger  t=1187532157.919  newsnr=5.42  m=(36.7,18.3) s=+0.00  mc=22.3
  L1 trigger  t=1187532163.296  newsnr=5.62  m=(33.8,11.2) s=+0.00  mc=16.5
  L1 trigger  t=1187532164.630  newsnr=5.00  m=(24.0,6.0) s=+0.00  mc=10.0
  L1 trigger  t=1187532168.639  newsnr=5.42  m=(24.0,6.0) s=+0.00  mc=10.0
  L1 trigger  t=1187532175.832  newsnr=5.31  m=(18.0,12.0) s=+0.00  mc=12.7
  L1 trigger  t=1187532182.914  newsnr=5.55  m=(9.0,3.0) s=+0.00  mc=4.4
  L1 trigger  t=1187532186.478  newsnr=5.17  m=(11.1,8.9) s=+0.00  mc=8.6
  L1 trigger  t=1187532190.738  newsnr=5.34  m=(22.5,22.5) s=+0.00  mc=19.6
  L1 trigger  t=1187532193.103  newsnr=5.23  m=(10.0,10.0) s=+0.00  mc=8.7
  L1 trigger  t=1187532203.623  newsnr=5.23  m=(20.0,10.0) s=+0.00  mc=12.2
  L1 trigger  t=1187532216.339  newsnr=5.38  m=(15.0,15.0) s=+0.00  mc=13.1
  L1 trigger  t=1187532218.035  newsnr=5.15  m=(16.7,13.3) s=+0.00  mc=13.0
  L1 trigger  t=1187532232.464  newsnr=5.05  m=(56.7,28.3) s=+0.00  mc=34.5
  L1 trigger  t=1187532246.421  newsnr=5.02  m=(54.0,18.0) s=+0.00  mc=26.4
  L1 trigger  t=1187532254.079  newsnr=5.14  m=(68.0,17.0) s=+0.00  mc=28.3
  L1 trigger  t=1187532277.343  newsnr=5.06  m=(22.5,7.5) s=+0.00  mc=11.0
  L1 trigger  t=1187532278.763  newsnr=5.04  m=(20.0,10.0) s=+0.00  mc=12.2
  L1 trigger  t=1187532280.185  newsnr=5.09  m=(42.5,42.5) s=+0.00  mc=37.0
  L1 trigger  t=1187532291.155  newsnr=5.61  m=(22.5,7.5) s=+0.00  mc=11.0
  L1 trigger  t=1187532296.873  newsnr=5.73  m=(22.5,7.5) s=+0.00  mc=11.0
  L1 trigger  t=1187532301.236  newsnr=5.41  m=(11.1,8.9) s=+0.00  mc=8.6
  L1 trigger  t=1187532309.476  newsnr=5.24  m=(44.0,11.0) s=+0.00  mc=18.3
  L1 trigger  t=1187532316.753  newsnr=5.02  m=(11.1,8.9) s=+0.00  mc=8.6
  L1 trigger  t=1187532318.456  newsnr=5.09  m=(44.0,11.0) s=+0.00  mc=18.3
  L1 trigger  t=1187532321.474  newsnr=5.27  m=(7.2,4.8) s=+0.00  mc=5.1
  L1 trigger  t=1187532336.464  newsnr=5.08  m=(10.0,10.0) s=+0.00  mc=8.7
  L1 trigger  t=1187532338.572  newsnr=5.20  m=(7.2,4.8) s=+0.00  mc=5.1
  L1 trigger  t=1187532343.601  newsnr=5.19  m=(24.0,6.0) s=+0.00  mc=10.0
  L1 trigger  t=1187532353.769  newsnr=5.07  m=(22.5,22.5) s=+0.00  mc=19.6
  L1 trigger  t=1187532358.817  newsnr=5.15  m=(27.5,27.5) s=+0.00  mc=23.9
  L1 trigger  t=1187532360.934  newsnr=5.38  m=(16.0,4.0) s=+0.00  mc=6.7
  L1 trigger  t=1187532365.967  newsnr=5.07  m=(36.7,18.3) s=+0.00  mc=22.3
  L1 trigger  t=1187532372.482  newsnr=5.02  m=(22.5,7.5) s=+0.00  mc=11.0
  L1 trigger  t=1187532375.669  newsnr=5.25  m=(20.0,10.0) s=+0.00  mc=12.2
  L1 trigger  t=1187532378.593  newsnr=5.04  m=(8.0,4.0) s=+0.00  mc=4.9
  L1 trigger  t=1187532379.841  newsnr=5.05  m=(33.0,22.0) s=+0.00  mc=23.4
  L1 trigger  t=1187532395.692  newsnr=5.93  m=(15.0,15.0) s=+0.00  mc=13.1
  L1 trigger  t=1187532398.796  newsnr=5.77  m=(48.8,16.2) s=+0.00  mc=23.8
  L1 trigger  t=1187532406.789  newsnr=5.50  m=(50.0,50.0) s=+0.00  mc=43.5
  L1 trigger  t=1187532410.600  newsnr=5.12  m=(30.0,15.0) s=+0.00  mc=18.3
  L1 trigger  t=1187532422.492  newsnr=5.05  m=(9.0,3.0) s=+0.00  mc=4.4
  L1 trigger  t=1187532431.763  newsnr=5.42  m=(16.7,13.3) s=+0.00  mc=13.0
  L1 trigger  t=1187532433.559  newsnr=5.14  m=(8.0,4.0) s=+0.00  mc=4.9
  L1 trigger  t=1187532436.368  newsnr=5.19  m=(18.0,12.0) s=+0.00  mc=12.7
  L1 trigger  t=1187532454.053  newsnr=5.16  m=(11.1,8.9) s=+0.00  mc=8.6
  L1 trigger  t=1187532456.946  newsnr=5.23  m=(25.0,20.0) s=+0.00  mc=19.4
  L1 trigger  t=1187532459.380  newsnr=5.53  m=(15.0,5.0) s=+0.00  mc=7.3
  L1 trigger  t=1187532462.331  newsnr=5.43  m=(43.3,21.7) s=+0.00  mc=26.4
  L1 trigger  t=1187532488.983  newsnr=5.16  m=(16.7,13.3) s=+0.00  mc=13.0
  L1 trigger  t=1187532492.028  newsnr=5.81  m=(41.2,13.8) s=+0.00  mc=20.1
  L1 trigger  t=1187532498.094  newsnr=5.57  m=(13.3,6.7) s=+0.00  mc=8.1
  L1 trigger  t=1187532499.130  newsnr=5.11  m=(50.0,50.0) s=+0.00  mc=43.5
  L1 trigger  t=1187532507.242  newsnr=5.97  m=(16.0,4.0) s=+0.00  mc=6.7
  L1 trigger  t=1187532509.731  newsnr=5.06  m=(10.0,10.0) s=+0.00  mc=8.7
  L1 trigger  t=1187532511.774  newsnr=5.07  m=(36.0,9.0) s=+0.00  mc=15.0
  L1 trigger  t=1187532513.795  newsnr=5.31  m=(36.7,18.3) s=+0.00  mc=22.3
  L1 trigger  t=1187532516.680  newsnr=5.12  m=(54.0,18.0) s=+0.00  mc=26.4
  L1 trigger  t=1187532519.136  newsnr=5.22  m=(22.5,7.5) s=+0.00  mc=11.0
  L1 trigger  t=1187532525.678  newsnr=5.51  m=(36.7,18.3) s=+0.00  mc=22.3
  L1 trigger  t=1187532541.412  newsnr=5.77  m=(6.7,5.3) s=+0.00  mc=5.2
  L1 trigger  t=1187532546.120  newsnr=5.14  m=(13.3,6.7) s=+0.00  mc=8.1
  L1 trigger  t=1187532553.182  newsnr=5.06  m=(48.0,24.0) s=+0.00  mc=29.2
  L1 trigger  t=1187532554.771  newsnr=5.44  m=(44.0,11.0) s=+0.00  mc=18.3
  L1 trigger  t=1187532557.005  newsnr=5.06  m=(27.5,27.5) s=+0.00  mc=23.9
  L1 trigger  t=1187532583.339  newsnr=5.08  m=(25.0,20.0) s=+0.00  mc=19.4
  L1 trigger  t=1187532593.664  newsnr=5.05  m=(33.0,22.0) s=+0.00  mc=23.4
  L1 trigger  t=1187532595.232  newsnr=5.10  m=(12.0,8.0) s=+0.00  mc=8.5
  L1 trigger  t=1187532597.160  newsnr=5.04  m=(42.5,42.5) s=+0.00  mc=37.0
  L1 trigger  t=1187532599.549  newsnr=5.54  m=(6.7,5.3) s=+0.00  mc=5.2
  L1 trigger  t=1187532601.443  newsnr=5.58  m=(27.0,18.0) s=+0.00  mc=19.1
  L1 trigger  t=1187532603.429  newsnr=5.13  m=(9.6,2.4) s=+0.00  mc=4.0
  L1 trigger  t=1187532604.832  newsnr=5.61  m=(22.5,7.5) s=+0.00  mc=11.0
  L1 trigger  t=1187532609.571  newsnr=5.24  m=(6.0,6.0) s=+0.00  mc=5.2
  L1 trigger  t=1187532611.282  newsnr=5.02  m=(15.0,5.0) s=+0.00  mc=7.3
  L1 trigger  t=1187532617.936  newsnr=5.46  m=(44.0,11.0) s=+0.00  mc=18.3
  L1 trigger  t=1187532620.830  newsnr=5.01  m=(43.2,28.8) s=+0.00  mc=30.6
  L1 trigger  t=1187532626.455  newsnr=5.47  m=(27.0,18.0) s=+0.00  mc=19.1
  L1 trigger  t=1187532628.405  newsnr=5.40  m=(22.5,7.5) s=+0.00  mc=11.0
  L1 trigger  t=1187532631.867  newsnr=5.07  m=(36.1,28.9) s=+0.00  mc=28.1
  L1 trigger  t=1187532635.754  newsnr=5.09  m=(33.0,22.0) s=+0.00  mc=23.4
  L1 trigger  t=1187532639.855  newsnr=5.09  m=(9.6,2.4) s=+0.00  mc=4.0
  L1 trigger  t=1187532644.127  newsnr=5.54  m=(33.8,11.2) s=+0.00  mc=16.5
  L1 trigger  t=1187532647.816  newsnr=5.53  m=(22.5,7.5) s=+0.00  mc=11.0
  L1 trigger  t=1187532650.199  newsnr=5.26  m=(51.0,34.0) s=+0.00  mc=36.1
  L1 trigger  t=1187532651.559  newsnr=5.12  m=(36.0,9.0) s=+0.00  mc=15.0
  L1 trigger  t=1187532657.057  newsnr=5.07  m=(8.0,4.0) s=+0.00  mc=4.9
  L1 trigger  t=1187532662.888  newsnr=5.35  m=(8.0,4.0) s=+0.00  mc=4.9
  L1 trigger  t=1187532680.436  newsnr=5.12  m=(18.0,12.0) s=+0.00  mc=12.7
  L1 trigger  t=1187532681.648  newsnr=5.66  m=(8.0,4.0) s=+0.00  mc=4.9
  L1 trigger  t=1187532695.378  newsnr=6.05  m=(16.7,13.3) s=+0.00  mc=13.0
  L1 trigger  t=1187532708.739  newsnr=5.46  m=(15.0,15.0) s=+0.00  mc=13.1
  L1 trigger  t=1187532710.507  newsnr=5.41  m=(48.0,24.0) s=+0.00  mc=29.2
  L1 trigger  t=1187532712.269  newsnr=5.04  m=(16.0,4.0) s=+0.00  mc=6.7
  L1 trigger  t=1187532714.226  newsnr=5.20  m=(20.0,10.0) s=+0.00  mc=12.2
  L1 trigger  t=1187532721.646  newsnr=5.65  m=(24.0,6.0) s=+0.00  mc=10.0
  L1 trigger  t=1187532726.107  newsnr=5.07  m=(9.6,2.4) s=+0.00  mc=4.0
  L1 trigger  t=1187532732.541  newsnr=5.25  m=(20.0,10.0) s=+0.00  mc=12.2
  L1 trigger  t=1187532738.607  newsnr=5.20  m=(9.6,2.4) s=+0.00  mc=4.0
  L1 trigger  t=1187532741.580  newsnr=5.06  m=(27.5,27.5) s=+0.00  mc=23.9
  zero-lag coincidences: 1
  background coincidences: 51 over 4.73 days

  t=1187529256.515  stat=11.33  m=(63.8,21.2)  FAR=0.000e+00/yr

======================================================================
STAGE B -- DISPERSION PROFILING (alpha family)
======================================================================

  candidate t=1187529256.515  template (63.8, 21.2, s=+0.00)
    alpha=0.0   B = +1.3077e+01 +/- 9.1051e+01  z=+0.22
                  SNR 6.831 -> 6.839
    alpha=2.5   B = +2.7328e-04 +/- 4.3007e-04  z=+0.89
                  SNR 6.831 -> 6.834
                  FLAT PROFILE (dSNR^2 = 0.03):
                  B is unconstrained within one alias
                  period. The edge is where the noise
                  points, not a preference. Null result.
    alpha=3.0   B = +6.0013e-06 +/- 1.8848e-05  z=+0.34
                  SNR 6.831 -> 6.832
    alpha=3.5   B = -3.5320e-08 +/- 8.3067e-07  z=-0.26
                  SNR 6.831 -> 6.831
    alpha=4.0   B = -3.9013e-09 +/- 3.6758e-08  z=-0.38  ->  -1.931e-02 +/- 1.820e-01
                  SNR 6.831 -> 6.832

  written: events/GW170823_results.json

  Report every alpha as an interval. A z below ~3 with a
  boundary-free maximum means: consistent with GR, and the
  bound is the 90% CI. It does not mean GR is confirmed.
[GW170823] done in 47.5 min -> events/GW170823_results.json

completed: ['GW170104', 'GW170814', 'GW170823']
next: python3 combine_mdr.py
